frame_number,person_1_center_x,person_1_center_y,person_1_velocity,person_1_intersection,person_2_center_x,person_2_center_y,person_2_velocity,person_2_intersection,person_3_center_x,person_3_center_y,person_3_velocity,person_3_intersection,person_4_center_x,person_4_center_y,person_4_velocity,person_4_intersection,vehicle_1_center_x,vehicle_1_center_y,vehicle_1_velocity,vehicle_1_intersection,vehicle_2_center_x,vehicle_2_center_y,vehicle_2_velocity,vehicle_2_intersection,vehicle_3_center_x,vehicle_3_center_y,vehicle_3_velocity,vehicle_3_intersection,vehicle_4_center_x,vehicle_4_center_y,vehicle_4_velocity,vehicle_4_intersection
34.0,596.67566,766.2973,5.179938,120,0,0,0,0,0,0,0,0,0,0,0,0,815.2826,744.45654,37.151993,4,0,0,0,0,0,0,0,0,0,0,0,0
36.0,589.5,774.875,6.5233784,278,0,0,0,0,0,0,0,0,0,0,0,0,809.1,774.6,35.305305,185,0,0,0,0,0,0,0,0,0,0,0,0
37.0,587.087,762.1957,12.906893,283,0,0,0,0,0,0,0,0,0,0,0,0,815.413,757.5,18.228104,278,0,0,0,0,0,0,0,0,0,0,0,0
38.0,581.5,778.75,17.471687,263,0,0,0,0,0,0,0,0,0,0,0,0,819.7826,753.13043,6.179502,360,0,0,0,0,0,0,0,0,0,0,0,0
39.0,576.0,766.575,13.359653,120,0,0,0,0,0,0,0,0,0,0,0,0,817.2143,766.0,13.123336,448,0,0,0,0,0,0,0,0,0,0,0,0
40.0,570.8182,754.36365,13.265321,228,0,0,0,0,0,0,0,0,0,0,0,0,833.375,752.875,20.819078,654,0,0,0,0,0,0,0,0,0,0,0,0
41.0,563.4545,768.2727,15.738017,303,0,0,0,0,0,0,0,0,0,0,0,0,833.2174,756.5217,3.6501322,808,0,0,0,0,0,0,0,0,0,0,0,0
42.0,562.35,768.9,1.2702627,387,0,0,0,0,0,0,0,0,0,0,0,0,828.11536,751.1539,7.40573,913,0,0,0,0,0,0,0,0,0,0,0,0
43.0,563.7907,777.6279,8.846019,222,0,0,0,0,0,0,0,0,0,0,0,0,842.81635,771.61224,25.192541,1192,0,0,0,0,0,0,0,0,0,0,0,0
44.0,555.05554,793.7222,18.312008,279,0,0,0,0,0,0,0,0,0,0,0,0,854.43475,752.5217,22.348047,1627,0,0,0,0,0,0,0,0,0,0,0,0
45.0,544.59186,788.0816,11.887192,423,0,0,0,0,0,0,0,0,0,0,0,0,844.34045,782.8723,31.985199,1883,0,0,0,0,0,0,0,0,0,0,0,0
46.0,548.3538,785.5846,4.515243,376,0,0,0,0,0,0,0,0,0,0,0,0,861.1132,781.1321,16.862803,2321,0,0,0,0,0,0,0,0,0,0,0,0
47.0,542.5909,781.0455,7.335879,321,0,0,0,0,0,0,0,0,0,0,0,0,864.2045,769.0909,12.431679,2833,0,0,0,0,0,0,0,0,0,0,0,0
48.0,540.94446,787.5,6.661205,364,0,0,0,0,0,0,0,0,0,0,0,0,863.5,785.6,16.52412,3538,0,0,0,0,0,0,0,0,0,0,0,0
50.0,539.8461,785.61536,17.072569,189,0,0,0,0,0,0,0,0,0,0,0,0,881.12726,780.0,11.323224,4569,0,0,0,0,0,0,0,0,0,0,0,0
51.0,536.88464,784.2692,3.253071,372,0,0,0,0,0,0,0,0,0,0,0,0,882.3333,772.5714,7.5258555,5388,0,0,0,0,0,0,0,0,0,0,0,0
52.0,529.7778,764.6667,20.851072,296,0,0,0,0,0,0,0,0,0,0,0,0,890.7222,800.3889,29.054905,6020,0,0,0,0,0,0,0,0,0,0,0,0
53.0,524.4545,767.36365,5.967454,143,0,0,0,0,0,0,0,0,0,0,0,0,895.01886,791.77356,9.627326,6599,0,0,0,0,0,0,0,0,0,0,0,0
54.0,514.9355,781.1613,16.762691,350,0,0,0,0,0,0,0,0,0,0,0,0,889.59375,788.2969,6.4435353,7375,0,0,0,0,0,0,0,0,0,0,0,0
55.0,510.5122,782.561,4.639444,306,0,0,0,0,0,0,0,0,0,0,0,0,902.53845,802.9385,19.543331,8003,0,0,0,0,0,0,0,0,0,0,0,0
56.0,506.57144,779.8571,4.779171,287,0,0,0,0,0,0,0,0,0,0,0,0,914.75,802.25,12.23094,9213,0,0,0,0,0,0,0,0,0,0,0,0
57.0,512.6842,772.8158,9.324487,287,0,0,0,0,0,0,0,0,0,0,0,0,919.9091,803.86365,5.4055862,9473,0,0,0,0,0,0,0,0,0,0,0,0
58.0,517.2727,777.7273,6.721396,242,0,0,0,0,0,0,0,0,0,0,0,0,930.16364,808.14545,11.112557,10480,0,0,0,0,0,0,0,0,0,0,0,0
59.0,496.93332,792.13336,24.924393,217,0,0,0,0,0,0,0,0,0,0,0,0,909.5625,818.2031,22.925175,11369,0,0,0,0,0,0,0,0,0,0,0,0
61.0,496.17392,811.1739,13.921087,236,0,0,0,0,0,0,0,0,0,0,0,0,931.28,795.2,16.63985,12400,0,0,0,0,0,0,0,0,0,0,0,0
62.0,488.10938,786.0469,26.389462,178,0,0,0,0,0,0,0,0,0,0,0,0,959.8714,815.7857,35.231197,12661,0,0,0,0,0,0,0,0,0,0,0,0
63.0,494.21738,800.86957,16.03184,169,0,0,0,0,0,0,0,0,0,0,0,0,939.97754,823.382,21.294827,13231,0,0,0,0,0,0,0,0,0,0,0,0
64.0,487.09616,783.86536,18.435154,145,0,0,0,0,0,0,0,0,0,0,0,0,971.0625,850.2375,41.079082,13131,0,0,0,0,0,0,0,0,0,0,0,0
65.0,489.10715,798.1071,14.3830385,145,0,0,0,0,0,0,0,0,0,0,0,0,962.0,835.0833,17.657234,13696,0,0,0,0,0,0,0,0,0,0,0,0
66.0,490.725,804.075,6.1833034,139,0,0,0,0,0,0,0,0,0,0,0,0,978.59155,844.5211,19.088001,13562,0,0,0,0,0,0,0,0,0,0,0,0
78.0,1297.1538,745.1539,13.593193,6,0,0,0,0,0,0,0,0,0,0,0,0,1098.3364,897.4486,30.812061,14943,0,0,0,0,0,0,0,0,0,0,0,0
97.0,1277.1,748.125,11.005851,5,0,0,0,0,0,0,0,0,0,0,0,0,1437.4067,914.38983,3.0919762,423,0,0,0,0,0,0,0,0,0,0,0,0
98.0,1276.1842,746.6053,1.7743081,5,0,0,0,0,0,0,0,0,0,0,0,0,1488.919,941.86487,58.38138,34,0,0,0,0,0,0,0,0,0,0,0,0
107.0,1286.25,737.625,11.288995,5,0,0,0,0,0,0,0,0,0,0,0,0,867.4138,738.5172,7.829147,17,0,0,0,0,0,0,0,0,0,0,0,0
108.0,1283.3438,732.0,6.331423,5,0,0,0,0,0,0,0,0,0,0,0,0,888.0492,740.36066,20.717554,74,0,0,0,0,0,0,0,0,0,0,0,0
110.0,1283.6342,736.90247,1.1910696,5,0,0,0,0,0,0,0,0,0,0,0,0,920.15625,736.96875,21.614885,206,0,0,0,0,0,0,0,0,0,0,0,0
111.0,1282.3572,745.7857,8.974554,5,0,0,0,0,0,0,0,0,0,0,0,0,912.25,741.0,8.87467,514,0,0,0,0,0,0,0,0,0,0,0,0
112.0,1277.3773,741.9623,6.2783413,5,0,0,0,0,0,0,0,0,0,0,0,0,928.74194,751.74194,19.681807,690,0,0,0,0,0,0,0,0,0,0,0,0
113.0,1270.5454,747.63635,8.880883,1,0,0,0,0,0,0,0,0,0,0,0,0,937.22034,752.28815,8.49597,948,0,0,0,0,0,0,0,0,0,0,0,0
114.0,1271.8286,743.1429,4.6731014,1,0,0,0,0,0,0,0,0,0,0,0,0,945.0,751.8214,7.793651,1555,0,0,0,0,0,0,0,0,0,0,0,0
115.0,1270.5454,736.0,7.2572303,1,0,0,0,0,0,0,0,0,0,0,0,0,950.14923,756.6269,7.0432396,2060,0,0,0,0,0,0,0,0,0,0,0,0
116.0,1273.9286,731.5714,5.572997,5,0,0,0,0,0,0,0,0,0,0,0,0,958.2985,757.1194,8.16416,2697,0,0,0,0,0,0,0,0,0,0,0,0
117.0,1281.15,738.45,9.973178,1,0,0,0,0,0,0,0,0,0,0,0,0,982.209,762.2687,24.458645,3591,0,0,0,0,0,0,0,0,0,0,0,0
118.0,1272.3871,733.5484,10.040663,1,0,0,0,0,0,0,0,0,0,0,0,0,991.4805,760.20776,9.497837,4472,0,0,0,0,0,0,0,0,0,0,0,0
119.0,1278.5217,731.86957,6.3602147,1,0,0,0,0,0,0,0,0,0,0,0,0,1008.6667,771.5833,20.60988,5354,0,0,0,0,0,0,0,0,0,0,0,0
120.0,1281.15,738.45,7.0859146,1,0,0,0,0,0,0,0,0,0,0,0,0,1012.46344,772.3171,3.867007,6733,0,0,0,0,0,0,0,0,0,0,0,0
121.0,1271.2727,730.1818,12.881164,1,0,0,0,0,0,0,0,0,0,0,0,0,1020.7125,772.1625,8.250533,7576,0,0,0,0,0,0,0,0,0,0,0,0
122.0,1272.1936,733.5484,3.4902573,1,0,0,0,0,0,0,0,0,0,0,0,0,1036.6744,779.093,17.401585,8165,0,0,0,0,0,0,0,0,0,0,0,0
123.0,1272.2812,737.0625,3.5151918,1,0,0,0,0,0,0,0,0,0,0,0,0,1045.2354,768.0353,13.984378,9158,0,0,0,0,0,0,0,0,0,0,0,0
124.0,1273.862,737.68964,1.7006651,1,0,0,0,0,0,0,0,0,0,0,0,0,1069.3334,779.4074,26.646576,10293,0,0,0,0,0,0,0,0,0,0,0,0
136.0,495.3913,814.1739,25.70343,6,0,0,0,0,0,0,0,0,0,0,0,0,1262.4572,854.34283,31.288456,6246,0,0,0,0,0,0,0,0,0,0,0,0
137.0,494.78183,812.2364,2.0310972,18,0,0,0,0,0,0,0,0,0,0,0,0,1285.3513,849.2973,23.443554,4952,0,0,0,0,0,0,0,0,0,0,0,0
138.0,493.15384,821.12305,9.034547,18,0,0,0,0,0,0,0,0,0,0,0,0,1318.776,861.24,35.494186,4100,0,0,0,0,0,0,0,0,0,0,0,0
139.0,497.95834,822.2083,4.9255524,18,0,0,0,0,0,0,0,0,0,0,0,0,1325.3959,867.5208,9.1253195,3168,0,0,0,0,0,0,0,0,0,0,0,0
140.0,498.79593,851.32654,29.130268,25,0,0,0,0,0,0,0,0,0,0,0,0,1360.1818,861.9091,35.235622,2304,0,0,0,0,0,0,0,0,0,0,0,0
141.0,497.1081,807.2432,44.115612,112,0,0,0,0,0,0,0,0,0,0,0,0,1381.5338,874.4211,24.747915,1504,0,0,0,0,0,0,0,0,0,0,0,0
142.0,500.85,817.6,11.012002,145,0,0,0,0,0,0,0,0,0,0,0,0,1397.6322,883.5484,18.505838,882,0,0,0,0,0,0,0,0,0,0,0,0
143.0,493.8493,804.3699,14.968147,145,0,0,0,0,0,0,0,0,0,0,0,0,1439.9172,886.07587,42.360504,408,0,0,0,0,0,0,0,0,0,0,0,0
144.0,503.25,819.875,18.132347,145,0,0,0,0,0,0,0,0,0,0,0,0,1467.537,897.4074,29.853886,100,0,0,0,0,0,0,0,0,0,0,0,0
158.0,1274.0204,745.40814,2.7219942,5,524.925,813.75,2.8921552,538,0,0,0,0,0,0,0,0,808.2589,710.4911,12.986812,609,0,0,0,0,0,0,0,0,0,0,0,0
159.0,1274.0728,748.4727,3.0650227,12,526.0541,819.0,5.3700414,538,0,0,0,0,0,0,0,0,834.08826,733.58826,34.65017,1067,0,0,0,0,0,0,0,0,0,0,0,0
160.0,1274.3125,756.5,8.030863,35,527.025,817.275,1.9794644,529,0,0,0,0,0,0,0,0,814.9722,725.8611,20.618723,1941,0,0,0,0,0,0,0,0,0,0,0,0
161.0,1274.1428,746.0,10.501371,48,528.7059,820.94116,4.0330896,529,0,0,0,0,0,0,0,0,845.5122,713.1951,33.062317,3104,0,0,0,0,0,0,0,0,0,0,0,0
162.0,1274.3024,749.51166,3.5152802,68,528.4,810.2,10.745503,520,0,0,0,0,0,0,0,0,859.37286,724.70337,18.015476,4479,0,0,0,0,0,0,0,0,0,0,0,0
163.0,525.5455,806.4545,4.709259,529,0,0,0,0,0,0,0,0,0,0,0,0,854.0821,739.56714,15.777323,6008,0,0,0,0,0,0,0,0,0,0,0,0
164.0,1275.75,748.5682,5.79151,1,526.1591,799.1591,7.321173,535,0,0,0,0,0,0,0,0,891.2288,723.5593,40.449097,7328,0,0,0,0,0,0,0,0,0,0,0,0
165.0,1274.4615,739.46155,9.197325,1,530.0,792.73334,7.4861894,589,0,0,0,0,0,0,0,0,883.5,716.9077,10.19699,8475,0,0,0,0,0,0,0,0,0,0,0,0
166.0,1272.9474,741.3158,2.3939333,5,529.2143,817.8571,25.13606,641,0,0,0,0,0,0,0,0,902.3077,716.3077,18.817247,9646,0,0,0,0,0,0,0,0,0,0,0,0
167.0,1268.4375,741.9375,4.552538,1,540.08826,792.9706,27.158474,633,0,0,0,0,0,0,0,0,915.6977,728.6047,18.179897,11146,0,0,0,0,0,0,0,0,0,0,0,0
168.0,1267.6765,742.5,0.946312,1,535.96155,799.5,7.7241855,633,0,0,0,0,0,0,0,0,894.5068,733.07434,21.657167,12921,0,0,0,0,0,0,0,0,0,0,0,0
169.0,1276.1786,759.1071,18.656944,1,531.3,800.88,4.8615384,649,0,0,0,0,0,0,0,0,949.1556,740.93335,55.21101,15095,0,0,0,0,0,0,0,0,0,0,0,0
170.0,1273.62,747.06,12.315823,1,528.2093,801.8372,3.2355332,650,0,0,0,0,0,0,0,0,939.375,736.0809,10.918162,16256,0,0,0,0,0,0,0,0,0,0,0,0
171.0,1277.0571,764.0571,17.341175,1,536.1774,795.9677,9.896584,849,0,0,0,0,0,0,0,0,966.45966,751.2823,31.059002,16861,0,0,0,0,0,0,0,0,0,0,0,0
172.0,542.449,787.04083,10.909697,935,0,0,0,0,0,0,0,0,0,0,0,0,937.46454,778.46454,39.744076,17880,0,0,0,0,0,0,0,0,0,0,0,0
173.0,543.0,796.96875,9.943197,1007,0,0,0,0,0,0,0,0,0,0,0,0,1002.8958,775.2292,65.51121,17986,0,0,0,0,0,0,0,0,0,0,0,0
174.0,540.88635,802.5,5.921337,1046,0,0,0,0,0,0,0,0,0,0,0,0,981.20135,770.698,22.162607,17680,0,0,0,0,0,0,0,0,0,0,0,0
175.0,544.2778,810.05554,8.281783,1177,0,0,0,0,0,0,0,0,0,0,0,0,1008.32,771.44,27.128803,17316,0,0,0,0,0,0,0,0,0,0,0,0
176.0,549.2308,824.38464,15.160982,1315,0,0,0,0,0,0,0,0,0,0,0,0,1008.8182,780.83765,9.410838,17233,0,0,0,0,0,0,0,0,0,0,0,0
177.0,554.65717,810.7714,14.65488,1446,0,0,0,0,0,0,0,0,0,0,0,0,1007.05884,787.3333,6.729707,16871,0,0,0,0,0,0,0,0,0,0,0,0
178.0,547.3973,810.2466,7.2788343,1232,0,0,0,0,0,0,0,0,0,0,0,0,1033.6051,769.3949,32.0389,16650,0,0,0,0,0,0,0,0,0,0,0,0
179.0,546.1277,812.617,2.6890085,1472,0,0,0,0,0,0,0,0,0,0,0,0,1031.8823,778.6667,9.430485,16206,0,0,0,0,0,0,0,0,0,0,0,0
180.0,543.7959,819.67346,7.4317446,1496,0,0,0,0,0,0,0,0,0,0,0,0,1039.6428,798.8571,21.630507,15979,0,0,0,0,0,0,0,0,0,0,0,0
181.0,546.3582,822.6269,3.910015,1493,0,0,0,0,0,0,0,0,0,0,0,0,1021.1361,775.49115,29.80716,15949,0,0,0,0,0,0,0,0,0,0,0,0
182.0,547.1539,819.7846,2.9515505,1451,0,0,0,0,0,0,0,0,0,0,0,0,1063.1189,779.627,42.186012,16149,0,0,0,0,0,0,0,0,0,0,0,0
183.0,544.91565,814.91565,5.3587666,1462,0,0,0,0,0,0,0,0,0,0,0,0,1081.8956,791.02747,21.966702,15792,0,0,0,0,0,0,0,0,0,0,0,0
184.0,547.2794,822.39703,7.8459234,1487,0,0,0,0,0,0,0,0,0,0,0,0,1084.1147,793.34424,3.2081008,16219,0,0,0,0,0,0,0,0,0,0,0,0
185.0,555.15,812.55,12.60598,1516,0,0,0,0,0,0,0,0,0,0,0,0,1098.6877,781.7268,18.636978,16755,0,0,0,0,0,0,0,0,0,0,0,0
186.0,554.2692,832.1923,19.662073,1691,0,0,0,0,0,0,0,0,0,0,0,0,1134.6832,793.3515,37.826027,16417,0,0,0,0,0,0,0,0,0,0,0,0
187.0,557.3924,819.37976,13.187718,1698,0,0,0,0,0,0,0,0,0,0,0,0,1143.7361,790.0972,9.620005,16919,0,0,0,0,0,0,0,0,0,0,0,0
188.0,557.8026,825.9868,6.619778,1800,0,0,0,0,0,0,0,0,0,0,0,0,1157.4357,804.2376,19.688297,16943,0,0,0,0,0,0,0,0,0,0,0,0
189.0,556.2985,839.50745,13.604033,1824,0,0,0,0,0,0,0,0,0,0,0,0,1139.6683,805.809,17.836689,16707,0,0,0,0,0,0,0,0,0,0,0,0
190.0,566.2083,819.875,21.991747,1885,0,0,0,0,0,0,0,0,0,0,0,0,1191.184,827.6745,55.963905,17133,0,0,0,0,0,0,0,0,0,0,0,0
191.0,568.67145,817.2,3.6362882,1857,0,0,0,0,0,0,0,0,0,0,0,0,1202.3656,821.69604,12.67955,17292,0,0,0,0,0,0,0,0,0,0,0,0
192.0,571.2,819.0706,3.1452827,1758,0,0,0,0,0,0,0,0,0,0,0,0,1210.2354,824.6742,8.414413,17175,0,0,0,0,0,0,0,0,0,0,0,0
193.0,574.0862,821.2241,3.6010487,1578,0,0,0,0,0,0,0,0,0,0,0,0,1221.442,831.41516,13.077843,17372,0,0,0,0,0,0,0,0,0,0,0,0
194.0,584.8983,805.62714,18.978096,1301,0,0,0,0,0,0,0,0,0,0,0,0,1250.5231,832.9707,29.12263,17661,0,0,0,0,0,0,0,0,0,0,0,0
195.0,585.08954,797.9552,7.674319,1459,0,0,0,0,0,0,0,0,0,0,0,0,1237.3276,835.51917,13.439277,17802,0,0,0,0,0,0,0,0,0,0,0,0
196.0,589.6981,814.7547,17.420166,2134,0,0,0,0,0,0,0,0,0,0,0,0,1279.7743,849.03503,44.546574,17669,0,0,0,0,0,0,0,0,0,0,0,0
197.0,595.95654,811.73914,6.9470487,2589,0,0,0,0,0,0,0,0,0,0,0,0,1257.9186,853.98834,22.409985,17870,0,0,0,0,0,0,0,0,0,0,0,0
198.0,594.9091,810.13635,1.9146832,2540,0,0,0,0,0,0,0,0,0,0,0,0,1298.4921,860.6575,41.11794,18033,0,0,0,0,0,0,0,0,0,0,0,0
199.0,597.9661,817.37286,7.8557234,2285,0,0,0,0,0,0,0,0,0,0,0,0,1304.1577,862.92694,6.103284,17736,0,0,0,0,0,0,0,0,0,0,0,0
200.0,600.80414,815.47424,3.414539,2688,0,0,0,0,0,0,0,0,0,0,0,0,1319.6038,859.2,15.889315,17852,0,0,0,0,0,0,0,0,0,0,0,0
201.0,608.4,820.6875,9.212791,2648,0,0,0,0,0,0,0,0,0,0,0,0,1341.0808,867.86536,23.159271,17871,0,0,0,0,0,0,0,0,0,0,0,0
202.0,608.1316,816.9868,3.7104063,2543,0,0,0,0,0,0,0,0,0,0,0,0,1364.5269,870.8172,23.631132,17961,0,0,0,0,0,0,0,0,0,0,0,0
203.0,618.36487,813.6081,10.7766285,2640,0,0,0,0,0,0,0,0,0,0,0,0,1394.6926,878.6078,31.155529,17705,0,0,0,0,0,0,0,0,0,0,0,0
204.0,612.5714,821.5714,9.84777,2507,0,0,0,0,0,0,0,0,0,0,0,0,1338.3024,888.4113,57.236095,17372,0,0,0,0,0,0,0,0,0,0,0,0
205.0,622.3973,807.61646,17.067175,2288,0,0,0,0,0,0,0,0,0,0,0,0,1289.6803,883.2295,48.897415,16968,0,0,0,0,0,0,0,0,0,0,0,0
206.0,633.9828,805.9138,11.709953,1944,0,0,0,0,0,0,0,0,0,0,0,0,1264.65,868.2136,29.188883,16614,0,0,0,0,0,0,0,0,0,0,0,0
207.0,632.5352,811.39435,5.6684804,1902,0,0,0,0,0,0,0,0,0,0,0,0,1245.0564,887.05634,27.183783,16285,0,0,0,0,0,0,0,0,0,0,0,0
208.0,641.8026,808.1842,9.8076315,1877,0,0,0,0,0,0,0,0,0,0,0,0,1250.0913,861.3894,26.156103,15943,0,0,0,0,0,0,0,0,0,0,0,0
209.0,640.8461,830.2308,22.067308,1552,0,0,0,0,0,0,0,0,0,0,0,0,1305.015,847.98,56.536945,15707,0,0,0,0,0,0,0,0,0,0,0,0
210.0,663.0,822.65216,23.414297,1882,0,0,0,0,0,0,0,0,0,0,0,0,1250.238,838.8889,55.526253,15463,0,0,0,0,0,0,0,0,0,0,0,0
211.0,657.28845,778.03845,44.977825,2293,0,0,0,0,0,0,0,0,0,0,0,0,1265.5917,851.5288,19.887209,15221,0,0,0,0,0,0,0,0,0,0,0,0
212.0,666.44775,802.5224,26.141088,1765,0,0,0,0,0,0,0,0,0,0,0,0,1226.1388,846.88995,39.724663,15095,0,0,0,0,0,0,0,0,0,0,0,0
213.0,667.1739,803.3913,1.1323663,2126,0,0,0,0,0,0,0,0,0,0,0,0,1301.0927,852.5122,75.16442,14949,0,0,0,0,0,0,0,0,0,0,0,0
214.0,674.1316,803.0526,6.965941,2206,0,0,0,0,0,0,0,0,0,0,0,0,1284.1127,862.169,19.533907,14848,0,0,0,0,0,0,0,0,0,0,0,0
215.0,677.90424,799.18085,5.405868,2243,0,0,0,0,0,0,0,0,0,0,0,0,1273.5226,852.1357,14.588268,14640,0,0,0,0,0,0,0,0,0,0,0,0
216.0,682.4483,816.9828,18.372742,1748,0,0,0,0,0,0,0,0,0,0,0,0,1287.4456,864.3416,18.515778,14473,0,0,0,0,0,0,0,0,0,0,0,0
217.0,688.726,803.46576,14.903681,1833,0,0,0,0,0,0,0,0,0,0,0,0,1297.0685,857.2055,11.980181,14497,0,0,0,0,0,0,0,0,0,0,0,0
218.0,690.15,806.8,3.625588,1860,0,0,0,0,0,0,0,0,0,0,0,0,1303.2656,856.8281,6.208623,14485,0,0,0,0,0,0,0,0,0,0,0,0
219.0,689.8421,802.1053,4.7047896,1676,0,0,0,0,0,0,0,0,0,0,0,0,1293.0818,855.4091,10.282225,14494,0,0,0,0,0,0,0,0,0,0,0,0
220.0,700.32855,806.0143,11.191331,1641,0,0,0,0,0,0,0,0,0,0,0,0,1345.1831,864.4789,52.884853,14349,0,0,0,0,0,0,0,0,0,0,0,0
221.0,702.9783,797.2826,9.124879,1638,0,0,0,0,0,0,0,0,0,0,0,0,1327.5857,887.0714,28.637236,14340,0,0,0,0,0,0,0,0,0,0,0,0
222.0,710.2909,793.2545,8.348642,1582,0,0,0,0,0,0,0,0,0,0,0,0,1321.1814,885.3886,6.6216946,14312,0,0,0,0,0,0,0,0,0,0,0,0
223.0,715.875,788.8125,7.135388,1546,0,0,0,0,0,0,0,0,0,0,0,0,1333.8341,879.7109,13.868227,14225,0,0,0,0,0,0,0,0,0,0,0,0
224.0,726.375,787.2,10.623094,1036,0,0,0,0,0,0,0,0,0,0,0,0,1365.9851,878.56714,32.171337,13969,0,0,0,0,0,0,0,0,0,0,0,0
225.0,732.55554,787.6667,6.198136,1456,0,0,0,0,0,0,0,0,0,0,0,0,1322.2969,885.25,44.196407,13897,0,0,0,0,0,0,0,0,0,0,0,0
226.0,729.9153,772.7288,15.169404,2044,0,0,0,0,0,0,0,0,0,0,0,0,1325.6842,910.0,24.980722,13639,0,0,0,0,0,0,0,0,0,0,0,0
227.0,729.8077,796.7308,24.002195,2129,0,0,0,0,0,0,0,0,0,0,0,0,1320.9897,903.3402,8.148051,13606,0,0,0,0,0,0,0,0,0,0,0,0
228.0,736.8795,803.8554,10.038491,2105,0,0,0,0,0,0,0,0,0,0,0,0,1344.8389,878.8862,34.158127,13419,0,0,0,0,0,0,0,0,0,0,0,0
229.0,742.9756,798.6585,8.010607,2125,0,0,0,0,0,0,0,0,0,0,0,0,1381.4053,902.02106,43.27034,12953,0,0,0,0,0,0,0,0,0,0,0,0
230.0,746.33765,798.1169,3.405409,2041,0,0,0,0,0,0,0,0,0,0,0,0,1353.9841,906.07935,27.719828,12857,0,0,0,0,0,0,0,0,0,0,0,0
231.0,744.169,796.8169,2.528432,1779,0,0,0,0,0,0,0,0,0,0,0,0,1368.4921,916.20636,17.69284,12435,0,0,0,0,0,0,0,0,0,0,0,0
232.0,745.3077,801.38464,4.7075367,2005,0,0,0,0,0,0,0,0,0,0,0,0,1359.2676,860.59155,56.374622,12402,0,0,0,0,0,0,0,0,0,0,0,0
233.0,752.16174,789.0441,14.116179,1831,0,0,0,0,0,0,0,0,0,0,0,0,1367.6746,871.23114,13.560168,11868,0,0,0,0,0,0,0,0,0,0,0,0
234.0,754.39435,793.8169,5.269139,1646,0,0,0,0,0,0,0,0,0,0,0,0,1354.3466,894.5625,26.869835,11781,0,0,0,0,0,0,0,0,0,0,0,0
235.0,761.92,796.24,7.90611,1632,0,0,0,0,0,0,0,0,0,0,0,0,1374.3829,877.93085,26.039743,11286,0,0,0,0,0,0,0,0,0,0,0,0
236.0,769.2308,790.0,9.611719,1476,0,0,0,0,0,0,0,0,0,0,0,0,1358.1844,866.06793,20.07784,11262,0,0,0,0,0,0,0,0,0,0,0,0
237.0,771.5714,774.7857,15.393289,1345,0,0,0,0,0,0,0,0,0,0,0,0,1380.3315,900.4475,40.895588,10678,0,0,0,0,0,0,0,0,0,0,0,0
238.0,789.29266,786.87805,21.45385,1343,0,0,0,0,0,0,0,0,0,0,0,0,1396.8489,911.7035,19.987982,10008,0,0,0,0,0,0,0,0,0,0,0,0
239.0,789.46155,771.7692,15.10977,1880,0,0,0,0,0,0,0,0,0,0,0,0,1377.9642,917.7143,19.818161,9978,0,0,0,0,0,0,0,0,0,0,0,0
240.0,791.2857,776.4286,5.00372,1952,0,0,0,0,0,0,0,0,0,0,0,0,1396.8334,913.44446,19.346212,9311,0,0,0,0,0,0,0,0,0,0,0,0
241.0,798.2174,794.087,18.970163,1717,0,0,0,0,0,0,0,0,0,0,0,0,1395.3297,896.6539,16.857782,9275,0,0,0,0,0,0,0,0,0,0,0,0
242.0,806.2373,784.22034,12.714925,1022,0,0,0,0,0,0,0,0,0,0,0,0,1380.45,885.43335,18.636183,9233,0,0,0,0,0,0,0,0,0,0,0,0
243.0,810.6,800.9,17.240791,1655,0,0,0,0,0,0,0,0,0,0,0,0,1393.3605,896.5465,17.034784,8586,0,0,0,0,0,0,0,0,0,0,0,0
244.0,808.6479,799.22534,2.5720046,1693,0,0,0,0,0,0,0,0,0,0,0,0,1386.7941,892.8706,7.5252876,8586,0,0,0,0,0,0,0,0,0,0,0,0
245.0,808.37836,797.43243,1.8130541,1746,0,0,0,0,0,0,0,0,0,0,0,0,1394.1737,912.8084,21.259706,7884,0,0,0,0,0,0,0,0,0,0,0,0
246.0,813.68,780.56,17.68577,1598,0,0,0,0,0,0,0,0,0,0,0,0,1378.4,885.0,31.97056,7875,0,0,0,0,0,0,0,0,0,0,0,0
247.0,815.2759,799.65515,19.161726,1760,0,0,0,0,0,0,0,0,0,0,0,0,1400.067,900.0,26.352581,7147,0,0,0,0,0,0,0,0,0,0,0,0
248.0,824.0,802.6667,9.229281,1420,0,0,0,0,0,0,0,0,0,0,0,0,1389.9034,870.017,31.658756,7147,0,0,0,0,0,0,0,0,0,0,0,0
249.0,818.1111,797.6111,7.761344,1763,0,0,0,0,0,0,0,0,0,0,0,0,1413.8647,912.08826,48.41624,6412,0,0,0,0,0,0,0,0,0,0,0,0
250.0,833.26666,778.4667,24.417206,1517,0,0,0,0,0,0,0,0,0,0,0,0,1411.5769,898.6731,13.60885,6412,0,0,0,0,0,0,0,0,0,0,0,0
251.0,837.4737,776.6842,4.5690603,1565,0,0,0,0,0,0,0,0,0,0,0,0,1402.4464,892.5357,11.001521,6412,0,0,0,0,0,0,0,0,0,0,0,0
252.0,846.6774,774.7742,9.399839,1115,0,0,0,0,0,0,0,0,0,0,0,0,1421.9272,902.87274,22.053509,5683,0,0,0,0,0,0,0,0,0,0,0,0
253.0,846.8077,793.7308,18.957052,828,0,0,0,0,0,0,0,0,0,0,0,0,1409.8214,895.9821,13.929535,5683,0,0,0,0,0,0,0,0,0,0,0,0
254.0,845.3143,785.82855,8.0421,1239,0,0,0,0,0,0,0,0,0,0,0,0,1439.7678,898.5714,30.058144,4964,0,0,0,0,0,0,0,0,0,0,0,0
255.0,851.15094,779.5472,8.574517,1491,0,0,0,0,0,0,0,0,0,0,0,0,1411.5471,901.3774,28.359858,4964,0,0,0,0,0,0,0,0,0,0,0,0
256.0,855.6279,786.76746,8.495636,1360,0,0,0,0,0,0,0,0,0,0,0,0,1410.2236,905.6832,4.5046573,4964,0,0,0,0,0,0,0,0,0,0,0,0
257.0,860.70966,789.4839,5.762199,1492,483.92728,804.2182,0.7055865,18,0,0,0,0,0,0,0,0,1424.8889,903.0185,14.905413,4259,0,0,0,0,0,0,0,0,0,0,0,0
258.0,862.4262,789.34424,1.7222239,1564,485.64706,794.2941,10.071985,18,0,0,0,0,0,0,0,0,1417.5903,903.16266,7.300008,4259,0,0,0,0,0,0,0,0,0,0,0,0
259.0,864.84375,782.9531,6.8330693,1587,491.14285,790.45715,6.7026916,22,0,0,0,0,0,0,0,0,1414.1296,910.7037,8.297187,4259,0,0,0,0,0,0,0,0,0,0,0,0
260.0,864.4167,788.25,5.314063,1486,495.90698,808.2558,18.425219,145,0,0,0,0,0,0,0,0,1427.689,900.29266,17.09516,3604,0,0,0,0,0,0,0,0,0,0,0,0
261.0,864.4286,789.0857,0.8357781,1584,510.4,801.3333,16.061388,262,0,0,0,0,0,0,0,0,1420.8176,881.15295,20.335775,3604,0,0,0,0,0,0,0,0,0,0,0,0
262.0,868.35486,785.9032,5.0540943,1539,514.7308,771.11536,30.526718,365,1136.5834,789.1667,0,1319,0,0,0,0,1454.6757,899.16895,38.352863,3005,0,0,0,0,0,0,0,0,0,0,0,0
263.0,871.36,775.4,10.924625,1461,521.8333,786.75,17.172306,574,1136.2826,799.04346,9.881349,1486,0,0,0,0,1420.9873,903.74524,33.99776,3005,0,0,0,0,0,0,0,0,0,0,0,0
264.0,882.4667,775.86664,11.116487,1242,517.5,782.0455,6.3961077,301,1135.2858,790.875,8.229055,1249,0,0,0,0,1421.1019,886.7197,17.025898,3005,0,0,0,0,0,0,0,0,0,0,0,0
265.0,879.82355,776.5294,2.724959,1139,523.7895,790.8947,10.8566475,851,1137.8182,787.6818,4.07551,1660,0,0,0,0,1420.7007,891.4586,4.755848,3005,0,0,0,0,0,0,0,0,0,0,0,0
266.0,889.3019,747.90564,30.152273,992,529.53064,803.9388,14.251614,1174,1138.2413,791.7931,4.1329803,1685,0,0,0,0,1427.9784,887.33093,8.366771,2460,0,0,0,0,0,0,0,0,0,0,0,0
267.0,903.0769,796.38464,50.398067,1121,533.4684,793.6709,10.997057,990,1136.8823,795.41174,3.86543,1941,0,0,0,0,1423.2567,869.7365,18.216969,2460,0,0,0,0,0,0,0,0,0,0,0,0
268.0,897.7258,754.79034,41.93709,1390,534.931,811.2931,17.682789,913,1137.6735,796.04083,1.0107682,1668,0,0,0,0,1427.9801,875.78143,7.6714716,2460,0,0,0,0,0,0,0,0,0,0,0,0
269.0,895.3125,776.8125,22.153996,1735,539.4194,806.6613,6.449694,1024,1126.375,794.4375,11.411657,1521,0,0,0,0,1415.8223,882.93335,14.105422,2460,0,0,0,0,0,0,0,0,0,0,0,0
270.0,909.9,782.3,15.585519,946,539.7,812.3625,5.708075,920,1123.814,783.6279,11.108812,1454,0,0,0,0,1421.2397,878.1781,7.2084317,2460,0,0,0,0,0,0,0,0,0,0,0,0
271.0,915.86664,774.73334,9.636113,905,541.96875,805.125,7.584748,1657,1121.1724,792.10345,8.8776455,1429,0,0,0,0,1427.2667,866.73334,12.934723,1970,0,0,0,0,0,0,0,0,0,0,0,0
272.0,916.74194,786.0,11.300612,817,542.6197,812.493,7.3966794,1342,1113.9231,779.0769,14.907813,1813,0,0,0,0,1420.6809,852.70215,15.499911,1970,0,0,0,0,0,0,0,0,0,0,0,0
273.0,918.3333,779.6667,6.5301847,935,552.1731,801.46155,14.593152,1538,1112.2142,775.8571,3.645167,2126,0,0,0,0,1399.174,851.06525,21.56916,1970,0,0,0,0,0,0,0,0,0,0,0,0
274.0,918.675,780.975,1.3521689,1120,556.125,800.2969,4.1199527,1552,1104.2858,801.619,26.954336,2063,0,0,0,0,1415.8687,849.35034,16.782549,1970,0,0,0,0,0,0,0,0,0,0,0,0
275.0,918.29034,782.4194,1.4947352,1189,560.79663,809.5932,10.404124,2031,1102.814,799.7442,2.383514,1739,0,0,0,0,1391.9584,857.8125,25.363548,1967,0,0,0,0,0,0,0,0,0,0,0,0
276.0,912.2632,775.2105,9.396507,1215,560.15216,810.0,0.7621204,2337,1097.7693,798.75,5.141713,2604,0,0,0,0,1402.3671,863.43036,11.827984,1931,0,0,0,0,0,0,0,0,0,0,0,0
277.0,923.1429,776.0357,10.910949,844,572.1429,800.4643,15.320154,2008,1094.5714,793.89795,5.8110933,2465,1168.898,796.10205,0,843,1419.762,880.1429,24.122416,1534,0,0,0,0,0,0,0,0,0,0,0,0
278.0,919.2308,773.6923,4.5602684,1127,582.28125,811.96875,15.334242,2092,1087.6154,807.83075,15.572721,2417,1166.093,794.7907,3.0963292,1222,1418.9434,944.9151,64.77739,1534,0,0,0,0,0,0,0,0,0,0,0,0
279.0,920.6053,765.5526,8.254947,1270,588.09375,802.5,11.110463,1657,1088.4706,801.4706,6.4174104,2383,1165.8,792.6667,2.144133,1474,1436.8872,868.3534,78.63635,1534,0,0,0,0,0,0,0,0,0,0,0,0
280.0,939.6667,750.55554,24.253847,1066,600.25714,781.8,24.009136,1629,1085.6897,799.65515,3.321009,2751,1167.5,803.44446,10.911012,1510,1441.5221,848.25,20.630768,1534,0,0,0,0,0,0,0,0,0,0,0,0
281.0,940.5714,762.8571,12.334799,1051,609.6774,792.9677,14.610267,1712,1087.875,802.5625,3.6370625,2558,1161.2543,812.0847,10.661294,1663,1442.5488,853.6241,5.4712853,1534,0,0,0,0,0,0,0,0,0,0,0,0
282.0,933.87805,751.90247,12.837657,819,610.6316,799.4737,6.5755777,1863,1085.4667,795.0,7.9367146,2487,1156.68,803.58,9.656779,1829,1414.8667,884.2222,41.26193,1534,0,0,0,0,0,0,0,0,0,0,0,0
283.0,941.069,753.31036,7.327447,600,610.0781,794.6719,4.8336105,1922,1080.6875,793.8125,4.9244967,2264,1161.0,816.9,14.003018,1643,1415.1818,876.4773,7.75134,1534,0,0,0,0,0,0,0,0,0,0,0,0
284.0,935.7632,749.2895,6.657236,603,612.6875,803.6875,9.385645,2105,1072.4286,798.7857,9.640663,2396,1151.4642,814.2321,9.901948,1804,1407.6562,886.4531,12.49602,1534,0,0,0,0,0,0,0,0,0,0,0,0
285.0,940.40814,758.32654,10.160899,813,618.05,795.35,9.913152,2293,1071.0,801.0,2.6351407,2013,1156.9025,809.12195,7.4624524,2058,1405.4104,896.8209,10.608255,1534,0,0,0,0,0,0,0,0,0,0,0,0
286.0,941.4706,758.41174,1.0658501,728,627.04224,807.21124,14.884562,2521,1066.8182,786.2273,15.353174,1753,1154.093,814.2558,5.8523,1734,1430.3386,907.1102,26.968243,1152,0,0,0,0,0,0,0,0,0,0,0,0
287.0,941.3125,755.875,2.541664,776,626.94543,800.0182,7.1937056,2388,1066.2354,782.4706,3.8016648,1484,1141.8368,804.4286,15.709523,1560,1430.6803,899.36066,7.757101,1152,0,0,0,0,0,0,0,0,0,0,0,0
288.0,939.05884,756.05884,2.2611477,737,624.4648,797.1972,3.7565389,2046,1064.15,795.2,12.899109,1193,1137.12,798.9,7.267269,1355,1417.7478,902.24347,13.2499075,1152,0,0,0,0,0,0,0,0,0,0,0,0
289.0,940.60974,747.14636,9.04641,565,632.125,789.4167,10.918579,2681,1055.7333,781.6,15.993832,1477,1129.7705,786.39343,14.506199,1338,1421.6111,903.9722,4.2324405,1152,0,0,0,0,0,0,0,0,0,0,0,0
290.0,948.0833,748.25,7.5546207,510,628.209,796.8806,8.4288435,2405,1046.3846,778.0,10.017822,1832,1123.8125,787.75,6.1104937,1479,1426.3363,923.91815,20.49799,1152,0,0,0,0,0,0,0,0,0,0,0,0
291.0,942.2308,737.61536,12.138693,469,633.57446,784.4681,13.5225525,1826,1043.5946,810.0,32.1214,2326,1123.5883,794.8677,7.121207,1910,1391.375,915.25,36.019848,1152,0,0,0,0,0,0,0,0,0,0,0,0
292.0,948.1622,742.5405,7.709655,490,639.1525,785.6949,5.711379,1997,1043.3529,790.2353,19.766188,2164,1121.0944,789.73584,5.705722,2137,1418.421,910.7632,27.415667,1152,0,0,0,0,0,0,0,0,0,0,0,0
293.0,943.9459,741.2432,4.4113193,289,643.32556,787.5349,4.560693,1065,1035.7164,796.2985,9.750822,2112,1116.5156,806.8594,17.72513,1990,1437.5948,936.6724,32.23235,1152,0,0,0,0,0,0,0,0,0,0,0,0
294.0,943.9091,740.86365,0.38135773,225,647.0909,775.0909,13.001212,1481,1033.9592,797.87756,2.3624413,2100,1114.1409,795.76056,11.35003,2111,1430.25,934.6339,7.622489,1152,0,0,0,0,0,0,0,0,0,0,0,0
295.0,948.4286,740.0,4.6012497,127,651.2857,778.5714,5.4507465,1361,1030.84,799.64,3.5827413,2182,1114.5223,796.07465,0.49413535,2123,1434.1765,936.5546,4.371116,1152,0,0,0,0,0,0,0,0,0,0,0,0
296.0,949.97144,740.2286,1.5596869,273,661.8,777.0,10.631062,887,1030.4482,794.2759,5.37842,2041,1112.175,799.0125,3.7604291,2169,1449.2213,941.7049,15.901927,1152,0,0,0,0,0,0,0,0,0,0,0,0
297.0,957.871,736.25806,8.84125,260,669.0,763.41174,15.377935,700,1026.3478,791.43475,4.988567,1696,1103.963,798.03705,8.269769,2012,1430.4836,931.13116,21.515205,1152,0,0,0,0,0,0,0,0,0,0,0,0
298.0,956.0323,735.5806,1.9595075,371,669.6774,781.64514,18.24598,1093,1000.40625,734.71875,24.248886,260,1025.7,794.7,3.328903,1792,1448.8818,938.7638,19.918598,1152,0,0,0,0,0,0,0,0,0,0,0,0
299.0,958.1429,749.6429,14.219763,267,680.13464,768.9231,16.468266,1438,1022.28815,795.9661,3.6391551,1786,1098.411,795.8219,12.523629,1828,1446.1017,935.72034,4.12212,1152,0,0,0,0,0,0,0,0,0,0,0,0
300.0,958.1429,742.2857,7.3571777,192,678.0,783.3571,14.591013,1411,1018.9672,797.06555,3.4981804,1740,1089.8636,800.86365,9.923539,1933,1429.8387,934.0887,16.344585,1152,0,0,0,0,0,0,0,0,0,0,0,0
301.0,957.375,744.4375,2.2847023,153,684.84906,786.56604,7.5635185,1975,1015.3125,774.1875,23.16813,1587,1081.7455,797.5091,8.78394,1525,1433.1562,923.7422,10.86535,1152,0,0,0,0,0,0,0,0,0,0,0,0
302.0,966.0968,750.3871,10.557812,201,690.7925,786.73584,5.945845,1857,1012.6531,780.8571,7.180273,1550,1075.95,786.9,12.0888605,1887,1413.9569,918.15515,19.99574,1152,0,0,0,0,0,0,0,0,0,0,0,0
303.0,967.3,758.4,8.102768,219,692.29785,784.2766,2.8833916,2076,1004.4,763.4667,19.249424,1640,1073.1333,789.06665,3.5535598,1912,1425.7377,916.5,11.896465,1152,0,0,0,0,0,0,0,0,0,0,0,0
304.0,966.6429,750.9643,7.464708,144,692.1429,779.3571,4.921935,2052,1003.3125,765.75,2.5290873,2126,1069.0,799.6875,11.396781,2395,1431.6692,887.23846,29.856665,1152,0,0,0,0,0,0,0,0,0,0,0,0
305.0,967.6071,745.8214,5.2324944,182,693.9194,777.9194,2.2853932,1860,992.0833,768.6667,11.601797,2805,1061.3125,792.75,10.355026,2315,1419.7131,879.9836,13.985012,1152,0,0,0,0,0,0,0,0,0,0,0,0
306.0,964.8,736.08,10.137788,78,693.875,788.0,10.080725,1836,997.46155,772.3077,6.494785,1468,1062.4822,806.5714,13.870816,2619,1412.822,900.1525,21.3137,1152,0,0,0,0,0,0,0,0,0,0,0,0
307.0,702.7059,782.58826,10.357183,1627,988.7213,802.0328,30.983433,2886,1051.1321,816.0,14.75544,2434,0,0,0,0,1430.612,914.3017,22.730696,1152,0,0,0,0,0,0,0,0,0,0,0,0
308.0,716.5961,761.88464,24.931484,1889,987.96,795.04,7.034116,2462,1054.0555,812.05554,4.909723,2595,0,0,0,0,1420.683,911.14636,10.418384,1152,0,0,0,0,0,0,0,0,0,0,0,0
309.0,706.67444,794.5814,34.16898,1844,982.88,799.48,6.7468657,2688,1044.5834,806.25,11.109738,2624,0,0,0,0,1427.0673,886.94116,25.032991,1152,0,0,0,0,0,0,0,0,0,0,0,0
310.0,963.8077,712.7308,13.55162,63,716.3333,772.4,24.193144,1341,980.16174,801.2206,3.2277913,2670,1051.7142,815.4,11.600521,2706,1404.1552,903.90515,28.508625,1152,0,0,0,0,0,0,0,0,0,0,0,0
311.0,723.3461,786.5192,15.764881,1486,978.45764,801.71185,1.7735023,2441,1044.2222,819.5,8.540541,2442,0,0,0,0,1414.8442,888.1721,19.020643,1152,0,0,0,0,0,0,0,0,0,0,0,0
312.0,723.4211,782.3684,4.1514945,1666,973.9039,805.0961,5.6736383,2240,1038.4426,816.2459,6.6326613,2207,0,0,0,0,1412.1161,898.8482,11.019148,1152,0,0,0,0,0,0,0,0,0,0,0,0
313.0,732.2857,771.2143,14.24766,1495,972.9,797.05,8.108521,1999,1040.8983,806.339,10.2067375,2512,0,0,0,0,1416.2778,896.0278,5.0274205,1152,0,0,0,0,0,0,0,0,0,0,0,0
314.0,741.6177,791.55884,22.382719,1373,974.94,809.04,12.162293,2928,1028.1147,815.31146,15.618096,2282,0,0,0,0,1424.95,907.75,14.581368,1152,0,0,0,0,0,0,0,0,0,0,0,0
315.0,743.0,768.0,23.599358,1358,965.68085,842.42554,34.645744,1980,1025.7097,808.0645,7.6356025,2073,0,0,0,0,1404.85,874.175,39.131706,1152,0,0,0,0,0,0,0,0,0,0,0,0
316.0,756.5455,775.1818,15.331614,1080,957.6842,816.0526,27.558619,2595,1020.9184,814.40814,7.9497404,1614,0,0,0,0,1411.4263,885.1475,12.792347,1152,0,0,0,0,0,0,0,0,0,0,0,0
317.0,760.8571,762.5,13.394735,1404,951.0536,802.875,14.751763,2642,1019.86365,800.4545,13.993421,1511,0,0,0,0,1406.122,889.6585,6.9631042,1152,0,0,0,0,0,0,0,0,0,0,0,0
318.0,762.14636,789.95123,27.481491,1089,940.2,779.82855,25.474277,1837,1010.04877,802.6829,10.0646715,1803,0,0,0,0,1416.6637,896.3363,12.478838,1152,0,0,0,0,0,0,0,0,0,0,0,0
319.0,761.63416,780.439,9.525988,1131,939.0,790.0,10.241991,1649,1008.1667,791.5,11.340193,1998,0,0,0,0,1420.5135,896.37836,3.850083,1152,0,0,0,0,0,0,0,0,0,0,0,0
320.0,760.2558,764.7907,15.708903,480,936.5526,780.7105,9.606473,2215,1000.81396,798.2093,9.953748,2555,0,0,0,0,1415.8379,903.1892,8.261325,1152,0,0,0,0,0,0,0,0,0,0,0,0
321.0,767.7541,774.93445,12.614269,1156,936.6585,781.90247,1.1966504,2670,999.7368,818.1053,19.925133,2168,0,0,0,0,1416.0703,904.6875,1.516211,1152,0,0,0,0,0,0,0,0,0,0,0,0
322.0,769.7547,785.5472,10.799654,1012,933.4138,797.63794,16.066523,2867,998.6316,823.5789,5.5841002,2548,0,0,0,0,1425.792,890.376,17.301178,1152,0,0,0,0,0,0,0,0,0,0,0,0
323.0,771.17145,787.2,2.1769311,1654,920.44446,821.2778,26.963789,2796,994.61194,821.4179,4.5637245,2453,0,0,0,0,1425.7179,904.64105,14.265268,1152,0,0,0,0,0,0,0,0,0,0,0,0
324.0,769.7213,782.21313,5.193442,1372,916.38464,803.4923,18.242935,2839,989.3625,816.0375,7.517033,2334,0,0,0,0,1419.6428,898.5714,8.58761,1152,0,0,0,0,0,0,0,0,0,0,0,0
325.0,770.6875,784.0625,2.0865445,929,910.9839,806.85486,6.3619895,2489,988.14545,814.3091,2.1138904,2573,0,0,0,0,1424.8684,897.0,5.4567466,1152,0,0,0,0,0,0,0,0,0,0,0,0
326.0,777.9796,787.53064,8.074833,1199,906.6338,814.60565,8.88809,2761,986.56366,820.85455,6.7338877,2357,0,0,0,0,1421.1724,886.18964,11.424742,1152,0,0,0,0,0,0,0,0,0,0,0,0
327.0,780.63635,768.8182,18.90012,1000,906.2727,822.7636,8.165946,2881,977.5789,824.2105,9.591039,2251,0,0,0,0,1410.6227,909.7925,25.85324,1152,0,0,0,0,0,0,0,0,0,0,0,0
328.0,782.6512,765.48834,3.8919585,912,904.38464,803.44617,19.409492,2660,971.68085,820.9787,6.725463,1904,0,0,0,0,1423.9067,888.12714,25.413645,1152,0,0,0,0,0,0,0,0,0,0,0,0
329.0,793.9655,766.2414,11.339364,711,901.0,804.8095,3.648906,2669,972.0,822.55554,1.6088173,2074,0,0,0,0,1431.3223,892.5124,8.615132,1152,0,0,0,0,0,0,0,0,0,0,0,0
330.0,791.4706,776.2941,10.35771,612,894.871,805.4032,6.157715,2490,966.5357,811.125,12.669483,1851,0,0,0,0,1424.3158,902.7368,12.394737,1152,0,0,0,0,0,0,0,0,0,0,0,0
331.0,791.8723,762.8936,13.406533,525,889.7647,807.94116,5.702208,2313,960.7091,816.1091,7.667477,1647,0,0,0,0,1424.2119,914.7458,12.009421,1152,0,0,0,0,0,0,0,0,0,0,0,0
332.0,798.0,755.34375,9.723631,596,890.29785,802.5319,5.435451,2166,953.34,804.6,13.66611,1986,0,0,0,0,1417.3826,916.87823,7.154529,1152,0,0,0,0,0,0,0,0,0,0,0,0
333.0,800.0769,766.61536,11.461354,758,885.8049,800.1951,5.064334,1650,945.2368,793.7368,13.5525,2645,0,0,0,0,1416.875,921.5,4.6495523,1152,0,0,0,0,0,0,0,0,0,0,0,0
334.0,803.68085,782.04254,15.842551,829,874.14703,769.67645,32.66948,1693,951.1957,812.93475,20.101463,2893,0,0,0,0,1422.1417,909.54333,13.065229,1152,0,0,0,0,0,0,0,0,0,0,0,0
335.0,806.6539,767.71155,14.636128,861,879.375,783.0,14.3125305,2110,939.8276,800.68964,16.70858,2926,1012.56525,751.95654,12.927082,4,1431.9286,925.8095,18.983444,1152,0,0,0,0,0,0,0,0,0,0,0,0
336.0,800.13464,752.3077,16.72661,394,861.2308,791.46155,20.020258,2725,936.5769,815.1923,14.862528,2705,1011.6429,748.9286,3.1653214,7,1425.9436,923.70966,6.3426676,1152,0,0,0,0,0,0,0,0,0,0,0,0
337.0,855.35297,793.58826,6.250721,2455,930.7917,814.7917,5.7990727,2759,1011.0,752.5,3.6288118,52,0,0,0,0,1436.591,929.4545,12.098322,1152,0,0,0,0,0,0,0,0,0,0,0,0
338.0,802.4375,771.3125,18.236408,378,849.3553,790.8553,6.5910015,2341,930.18463,828.6462,13.867785,2916,0,0,0,0,1452.125,920.7,17.83111,1152,0,0,0,0,0,0,0,0,0,0,0,0
339.0,814.5405,755.43243,19.966467,54,842.0769,810.1385,20.611082,2371,924.86957,822.2174,8.341403,3010,0,0,0,0,1449.2213,920.7049,2.9036906,1152,0,0,0,0,0,0,0,0,0,0,0,0
340.0,803.4783,774.3913,21.950214,441,837.7692,808.6539,4.5563345,2646,922.1299,819.1169,4.137527,3237,0,0,0,0,1442.76,919.752,6.531189,1152,0,0,0,0,0,0,0,0,0,0,0,0
341.0,812.28,749.82,26.100176,47,834.6226,806.717,3.6949525,2469,913.7917,814.1667,9.696904,3226,0,0,0,0,1432.5122,933.5854,17.215681,1152,0,0,0,0,0,0,0,0,0,0,0,0
342.0,830.02704,816.97296,11.238528,2789,912.59155,821.78876,7.7159753,3175,0,0,0,0,0,0,0,0,1426.2396,930.9669,6.7971816,1152,0,0,0,0,0,0,0,0,0,0,0,0
343.0,826.519,810.7975,7.102321,2818,908.8525,825.1967,5.059137,2790,0,0,0,0,0,0,0,0,1425.9917,930.9669,0.2479248,1152,0,0,0,0,0,0,0,0,0,0,0,0
344.0,820.0633,809.8101,6.5307584,2839,904.5585,812.1039,13.778998,2297,0,0,0,0,0,0,0,0,1433.0168,923.1429,10.515142,1152,0,0,0,0,0,0,0,0,0,0,0,0
345.0,816.86304,800.6301,9.721826,2199,897.7846,831.6,20.639353,2061,835.5,754.7727,23.742289,455,0,0,0,0,1434.7311,924.30255,2.069644,1152,0,0,0,0,0,0,0,0,0,0,0,0
346.0,813.0566,812.09436,12.079643,2214,890.81635,816.7347,16.41748,1508,1017.5,748.8571,5.502048,22,842.9143,769.2,16.220947,503,1453.7953,908.7874,24.579739,1152,0,0,0,0,0,0,0,0,0,0,0,0
347.0,808.2,806.1857,7.648409,2133,881.6923,806.1539,13.971448,2003,1015.7561,749.9268,2.0458343,22,845.16,745.8,23.507534,79,1468.4318,896.25,19.272081,1152,0,0,0,0,0,0,0,0,0,0,0,0
348.0,804.5455,812.2909,7.115384,2136,873.17645,809.55884,9.17136,2635,1015.9149,745.0851,4.84434,22,843.3947,761.6053,15.903571,362,1447.9172,901.1729,21.09694,1152,0,0,0,0,0,0,0,0,0,0,0,0
349.0,804.6429,801.7857,10.50564,1818,871.05554,827.8889,18.452372,2778,1025.091,745.7273,9.198471,31,0,0,0,0,1440.3307,893.2913,10.939616,1152,0,0,0,0,0,0,0,0,0,0,0,0
350.0,793.6731,798.6923,11.397599,1652,865.0714,824.8714,6.7018824,2859,1024.9688,751.40625,5.6802692,40,0,0,0,0,1464.0219,891.28467,23.775993,1152,0,0,0,0,0,0,0,0,0,0,0,0
351.0,792.0,790.1539,8.700829,2032,862.9219,829.40625,5.0185037,2843,1028.04,743.88,8.128788,16,0,0,0,0,1474.036,872.54675,21.246008,1152,0,0,0,0,0,0,0,0,0,0,0,0
352.0,780.7091,802.9091,17.03469,2572,856.94366,825.8451,6.9585085,3137,1016.9388,752.9388,14.328271,65,0,0,0,0,1439.8385,885.9,36.712116,1152,0,0,0,0,0,0,0,0,0,0,0,0
353.0,775.76715,807.73975,6.910708,2540,853.0,825.6923,3.9466226,3063,1026.5358,745.9286,11.88465,97,0,0,0,0,1443.5333,893.9778,8.882675,1152,0,0,0,0,0,0,0,0,0,0,0,0
354.0,774.25,806.15,2.19749,2402,848.4583,837.0417,12.224361,3057,1017.1875,746.8125,9.389962,91,863.4167,736.3333,20.192316,280,1445.5038,900.203,6.52963,1152,0,0,0,0,0,0,0,0,0,0,0,0
355.0,760.5469,809.5781,14.125421,2645,839.7945,824.50684,15.237594,2988,1016.02325,743.7907,3.2383144,174,866.80853,751.0851,15.136688,373,1444.3846,906.73846,6.630591,1152,0,0,0,0,0,0,0,0,0,0,0,0
356.0,757.7647,807.4235,3.518914,2724,841.4211,832.3684,8.028082,3300,1019.28,748.56,5.7751784,142,866.0204,754.7143,3.7138057,481,1445.475,920.4,13.705001,1152,0,0,0,0,0,0,0,0,0,0,0,0
357.0,753.67413,804.1685,5.2276063,2724,830.8125,825.7969,12.479065,3048,1016.4706,738.7941,10.161948,30,876.6,754.6,10.580208,410,1434.55,920.4,10.924927,1152,0,0,0,0,0,0,0,0,0,0,0,0
358.0,751.8871,792.4839,11.8204975,2615,837.625,846.875,22.151693,2697,1017.2222,745.8889,7.134493,153,875.44446,760.8889,6.3942156,478,1439.1,927.5,8.432763,1152,0,0,0,0,0,0,0,0,0,0,0,0
359.0,745.4583,809.125,17.839724,2363,817.2931,819.8276,33.837105,2147,1015.68,751.68,5.9929175,144,877.7692,759.6923,2.614648,286,1440.4,927.85,1.346332,1152,0,0,0,0,0,0,0,0,0,0,0,0
360.0,745.0,816.1111,7.0011015,2519,814.95,832.65,13.034769,1831,1010.0323,759.4839,9.633137,186,881.4,754.9,6.012388,667,1443.0991,928.8843,2.890485,1152,0,0,0,0,0,0,0,0,0,0,0,0
361.0,739.86206,809.431,8.427428,2401,804.36,816.44,19.362682,1820,1014.2308,761.0769,4.490545,171,878.4286,769.0,14.409675,470,1442.5161,929.85486,1.1322216,1152,0,0,0,0,0,0,0,0,0,0,0,0
362.0,740.13464,810.5769,1.1778492,2341,799.44446,813.44446,5.7563615,2185,1010.1429,748.53064,13.195438,267,878.8333,758.3333,10.674362,622,1442.371,929.85486,0.1451416,1152,0,0,0,0,0,0,0,0,0,0,0,0
363.0,733.06665,794.93335,17.166168,2275,794.11475,824.7541,12.502543,2865,1006.7368,765.6316,17.436853,232,886.9655,757.65515,8.16043,397,1442.1774,929.85486,0.19360352,1152,0,0,0,0,0,0,0,0,0,0,0,0
364.0,717.383,794.4894,15.689938,1876,787.0,834.3214,11.922804,3312,1005.9091,764.2727,1.5911181,198,884.069,733.13794,24.687723,340,1435.4048,920.4286,11.606999,1152,0,0,0,0,0,0,0,0,0,0,0,0
365.0,714.45,786.675,8.346683,1579,778.9091,828.7013,9.851298,3468,1005.38464,757.3077,6.984746,237,886.3,736.1,3.7082474,226,1441.3334,910.7619,11.339886,1152,0,0,0,0,0,0,0,0,0,0,0,0
366.0,712.2941,785.82355,2.317927,2145,776.6512,826.22095,3.3541598,3226,1006.0909,756.9545,0.7896115,222,882.31915,749.3617,13.846308,207,1437.6,926.5,16.174858,1152,0,0,0,0,0,0,0,0,0,0,0,0
367.0,700.32556,798.3488,17.32423,2798,766.79266,835.7561,13.715306,3510,1005.5143,759.9429,3.0434613,270,884.53845,750.7692,2.6280098,368,1432.983,924.35596,5.09049,1152,0,0,0,0,0,0,0,0,0,0,0,0
368.0,699.75,799.6071,1.3836877,2057,764.7273,827.25977,8.74377,3303,884.8461,739.61536,11.158113,285,0,0,0,0,1424.6456,920.33856,9.254823,1152,0,0,0,0,0,0,0,0,0,0,0,0
369.0,684.9857,807.34283,16.668095,2344,756.6087,836.56525,12.349231,3355,894.3158,743.8421,10.370147,332,0,0,0,0,1446.1628,896.32556,32.243057,1152,0,0,0,0,0,0,0,0,0,0,0,0
370.0,683.47675,805.5,2.3818135,2202,754.55554,831.7407,5.243234,3351,897.75,756.75,13.356931,421,0,0,0,0,1429.1025,901.6923,17.88452,1152,0,0,0,0,0,0,0,0,0,0,0,0
371.0,674.5185,812.0,11.067985,2427,751.52,832.44,3.1150262,3300,1006.6286,750.8571,16.462671,348,899.46155,764.9231,8.350383,346,1465.75,865.6667,51.38952,1152,0,0,0,0,0,0,0,0,0,0,0,0
372.0,666.9836,796.5246,17.212292,2112,740.1579,827.3158,12.464161,3257,903.2143,764.4286,3.7851875,309,0,0,0,0,1422.6774,897.6774,53.665066,1152,0,0,0,0,0,0,0,0,0,0,0,0
373.0,655.9535,804.06976,13.363848,1864,740.0357,832.6071,5.2927313,2843,996.2727,761.0455,27.188377,545,897.6,737.85,27.165112,154,1429.4016,894.66394,7.36862,1152,0,0,0,0,0,0,0,0,0,0,0,0
374.0,665.0143,818.1429,16.737701,2326,725.4737,820.6316,18.85379,2702,996.7105,752.1316,8.924624,596,900.9231,752.88464,15.397544,351,1424.4359,904.4359,10.961278,1152,0,0,0,0,0,0,0,0,0,0,0,0
375.0,663.0,821.1429,3.6134932,2530,724.9138,828.569,7.9570994,2509,998.0833,757.0833,5.138495,581,890.7568,757.7027,11.250233,178,1432.8,900.225,9.364334,1152,0,0,0,0,0,0,0,0,0,0,0,0
376.0,653.43396,815.0377,11.348223,2245,713.2143,825.9286,11.993768,2408,997.1539,750.46155,6.686676,575,901.59576,761.2341,11.39975,360,1422.6724,911.87067,15.433475,1152,0,0,0,0,0,0,0,0,0,0,0,0
377.0,656.0182,826.9091,12.149418,2531,715.53845,830.6923,5.3004584,2526,996.4,767.3,16.855305,626,905.68964,751.81036,10.274533,261,1414.025,906.2,10.340831,1152,0,0,0,0,0,0,0,0,0,0,0,0
378.0,651.2449,800.32654,27.007742,2421,708.0857,806.5714,25.246029,3463,995.25,780.5833,13.3330145,645,909.76746,749.8605,4.520032,98,1425.7119,900.81354,12.868469,1152,0,0,0,0,0,0,0,0,0,0,0,0
379.0,642.0492,815.60657,17.83367,2607,698.7313,838.02985,32.81977,3120,988.2857,771.2857,11.616665,624,910.96155,754.6731,4.9585466,152,1437.6666,885.3095,19.577795,1152,0,0,0,0,0,0,0,0,0,0,0,0
380.0,633.125,821.5,10.694569,2722,693.8684,837.6711,4.876131,3391,984.3871,766.9355,5.8415456,834,913.1786,756.8036,3.07478,250,1415.6694,906.20337,30.338587,1152,0,0,0,0,0,0,0,0,0,0,0,0
381.0,633.0,805.4651,16.035398,1982,684.75,843.5833,10.867375,3498,984.9643,768.3214,1.5013193,762,922.4167,745.9167,14.278204,175,1435.032,900.456,20.19754,1152,0,0,0,0,0,0,0,0,0,0,0,0
382.0,621.7959,806.7551,11.278125,2022,682.41895,846.6081,3.818784,3436,972.2143,771.2143,13.074069,820,916.9091,751.7273,8.006027,232,1424.2258,905.2258,11.812038,1152,0,0,0,0,0,0,0,0,0,0,0,0
383.0,622.2955,810.61365,3.8907266,2418,678.4286,860.76624,14.7097225,3478,969.2195,786.0,15.085954,904,920.1429,740.25,11.924157,176,1436.6221,902.7638,12.63837,1152,0,0,0,0,0,0,0,0,0,0,0,0
384.0,613.725,809.175,8.690405,2228,680.3924,846.8734,14.030931,3627,965.34375,769.5,16.94908,1180,929.5,731.0,13.157436,175,1445.5154,892.8461,13.3210745,1152,0,0,0,0,0,0,0,0,0,0,0,0
385.0,603.2069,803.37933,12.009135,2328,668.8,840.6,13.181045,3430,969.9231,792.8077,23.753279,934,931.03845,729.11536,2.4328413,190,1423.9,903.25,23.988832,1152,0,0,0,0,0,0,0,0,0,0,0,0
386.0,594.551,807.3674,9.530413,1773,659.475,853.5,15.91749,3464,959.37933,777.62067,18.488274,944,930.0,733.3333,4.3439083,190,1430.9025,912.9756,11.984207,1152,0,0,0,0,0,0,0,0,0,0,0,0
387.0,586.0678,811.678,9.515581,1840,660.45,832.65,20.87276,3502,959.3823,774.2647,3.3559582,717,927.32434,746.43243,13.369597,149,1422.1888,884.13983,30.123545,1534,0,0,0,0,0,0,0,0,0,0,0,0
388.0,585.87933,814.4483,2.7767286,1777,639.551,835.59186,21.105024,2324,963.907,779.02325,6.566299,1000,942.0,725.05884,25.926928,181,1418.5775,871.9648,12.69935,1534,0,0,0,0,0,0,0,0,0,0,0,0
389.0,584.2941,808.2353,6.412051,2080,643.05554,831.7778,5.1796618,2787,962.0,781.5,3.1258361,1312,940.74,728.1,3.2918298,140,1419.0638,878.8723,6.9246306,1534,0,0,0,0,0,0,0,0,0,0,0,0
390.0,583.68,811.56,3.3809524,2039,632.87756,832.7755,10.226766,2590,963.8571,783.3571,2.6263597,1330,941.339,757.8305,29.736565,438,1428.4016,899.43304,22.581797,1152,0,0,0,0,0,0,0,0,0,0,0,0
391.0,570.09375,785.15625,29.694172,1565,626.1923,843.9231,12.998502,2374,954.8919,764.1081,21.234404,424,0,0,0,0,1434.1538,894.89746,7.32525,1152,0,0,0,0,0,0,0,0,0,0,0,0
392.0,565.15,797.4,13.204183,1488,623.0,819.1111,25.016531,2794,0,0,0,0,0,0,0,0,1408.1052,892.3684,26.17107,1152,0,0,0,0,0,0,0,0,0,0,0,0
393.0,557.3125,809.25,14.207347,1493,612.4091,837.4091,21.142017,3058,0,0,0,0,0,0,0,0,1426.9474,894.2105,18.931995,1152,0,0,0,0,0,0,0,0,0,0,0,0
394.0,561.871,809.0323,4.563668,1587,614.4,821.1,16.430212,2588,941.75,750.0833,4.854826,64,0,0,0,0,1422.661,893.0847,4.431753,1152,0,0,0,0,0,0,0,0,0,0,0,0
395.0,562.7857,803.5,5.607401,1007,608.43243,830.87836,11.455518,3572,939.0,761.0,11.257733,129,0,0,0,0,1420.4237,876.3051,16.9281,1152,0,0,0,0,0,0,0,0,0,0,0,0
396.0,555.8936,787.9787,16.982689,809,601.10126,840.5316,12.121533,3139,943.7,769.3,9.53834,887,0,0,0,0,1416.9642,892.8214,16.874716,1152,0,0,0,0,0,0,0,0,0,0,0,0
397.0,548.3,776.5,13.763128,462,598.16473,839.2941,3.1866198,3023,0,0,0,0,0,0,0,0,1416.6578,886.0,6.828289,1152,0,0,0,0,0,0,0,0,0,0,0,0
398.0,543.58826,789.8823,14.187566,853,592.27057,848.15295,10.640488,2937,929.8125,780.46875,35.294975,1138,0,0,0,0,1419.6697,885.75,3.0221987,1152,0,0,0,0,0,0,0,0,0,0,0,0
399.0,536.53845,803.8615,15.656225,653,585.33,834.18,15.60176,3204,921.6429,773.1429,10.973193,1219,0,0,0,0,1437.5656,882.0984,18.264626,1152,0,0,0,0,0,0,0,0,0,0,0,0
400.0,534.2679,801.75,3.100639,567,586.125,833.8333,0.8672858,2987,920.4231,782.88464,9.817829,1195,956.0909,729.8182,16.393555,67,1435.5509,880.37286,2.652592,1152,0,0,0,0,0,0,0,0,0,0,0,0
401.0,526.3125,798.6875,8.524496,501,575.89886,835.85394,10.423857,2789,922.96155,792.3461,9.796095,1462,953.3226,735.9677,6.7439113,112,1422.75,886.45,14.17021,1152,0,0,0,0,0,0,0,0,0,0,0,0
402.0,518.46576,803.46576,9.187116,480,578.24,846.52,10.919984,2730,922.9091,780.4091,11.937127,1354,952.61536,742.1539,6.226451,127,1426.5366,896.3171,10.568703,1152,0,0,0,0,0,0,0,0,0,0,0,0
403.0,516.0,803.9474,2.5123565,365,569.3684,834.2105,15.173299,2755,919.4483,772.4483,8.680543,798,952.0909,751.2727,9.133906,109,1409.9778,880.6667,22.78442,1534,0,0,0,0,0,0,0,0,0,0,0,0
404.0,503.61972,812.831,15.237775,313,564.1323,839.1177,7.1761303,2220,910.1539,778.1539,10.905961,1530,954.96,754.08,4.0140963,141,1412.0667,884.08887,4.0093246,1534,0,0,0,0,0,0,0,0,0,0,0,0
405.0,503.07407,808.96295,3.9063394,145,558.2174,825.6087,14.747155,1926,908.64703,799.05884,20.959206,1257,958.8,733.11426,21.31451,118,1410.6412,896.4275,12.420686,1534,0,0,0,0,0,0,0,0,0,0,0,0
406.0,495.65,802.65,9.74525,103,554.5333,839.8,14.661685,1366,908.5714,774.1429,24.91607,1264,957.3333,738.6667,5.742874,64,1399.4884,891.2558,12.293578,1534,0,0,0,0,0,0,0,0,0,0,0,0
407.0,492.86365,806.5909,4.826394,18,545.7541,834.0492,10.495075,908,960.3396,741.73584,4.2962146,15,0,0,0,0,1399.8605,891.3488,0.3835213,1534,0,0,0,0,0,0,0,0,0,0,0,0
408.0,541.79034,827.4677,7.6829147,830,967.9375,754.5,14.854355,31,0,0,0,0,0,0,0,0,1408.376,896.4812,9.942594,1534,0,0,0,0,0,0,0,0,0,0,0,0
409.0,539.2041,843.61224,16.350368,815,894.1875,762.375,16.54233,1154,0,0,0,0,0,0,0,0,1407.3182,895.5455,1.4122334,1534,0,0,0,0,0,0,0,0,0,0,0,0
410.0,537.0,844.2,2.281126,789,881.71875,780.09375,21.666191,1574,966.3571,755.1429,33.48795,70,0,0,0,0,1404.6444,892.1778,4.3000693,1534,0,0,0,0,0,0,0,0,0,0,0,0
411.0,527.23883,868.209,25.91739,750,883.7143,779.0,2.2756288,1652,968.0204,750.3674,5.056875,103,0,0,0,0,1406.8636,876.4545,15.87911,1534,0,0,0,0,0,0,0,0,0,0,0,0
412.0,516.4839,847.9355,22.949587,561,874.9375,791.125,14.968225,2347,969.48,748.86,2.0982437,94,0,0,0,0,1410.1154,881.4,5.9187446,1534,0,0,0,0,0,0,0,0,0,0,0,0
413.0,521.2963,850.5926,5.4972515,571,870.25,796.6875,7.274205,2099,966.7627,746.339,3.7066238,28,0,0,0,0,1434.1902,862.39435,30.672676,1534,0,0,0,0,0,0,0,0,0,0,0,0
414.0,511.42267,843.30927,12.269309,415,867.1579,808.2105,11.930669,2231,969.46155,747.11536,2.8083003,25,0,0,0,0,1420.8806,873.71643,17.473816,1534,0,0,0,0,0,0,0,0,0,0,0,0
415.0,515.16833,858.0,15.160729,203,854.5909,782.9318,28.23016,1023,970.32,744.6,2.6578362,25,0,0,0,0,1414.0328,898.2541,25.475258,1534,0,0,0,0,0,0,0,0,0,0,0,0
416.0,501.35065,842.1818,21.003408,25,855.225,787.125,4.240849,897,975.1818,742.8182,5.178037,25,0,0,0,0,1413.2599,892.7953,5.513253,1534,0,0,0,0,0,0,0,0,0,0,0,0
417.0,859.322,802.47455,15.886926,1506,977.9143,734.2286,9.013749,25,0,0,0,0,0,0,0,0,1404.4067,916.3983,25.208752,1534,0,0,0,0,0,0,0,0,0,0,0,0
418.0,858.0625,807.0,4.697458,1600,977.85364,739.3171,5.0888624,19,0,0,0,0,0,0,0,0,1401.6982,913.7069,3.8183267,1534,0,0,0,0,0,0,0,0,0,0,0,0
419.0,861.27905,803.3721,4.8485136,2113,0,0,0,0,0,0,0,0,0,0,0,0,1393.5737,907.0082,10.529989,1534,0,0,0,0,0,0,0,0,0,0,0,0
420.0,858.75,797.13464,6.730646,1750,977.1892,743.02704,12.541359,10,0,0,0,0,0,0,0,0,1380.7699,903.823,13.194071,1534,0,0,0,0,0,0,0,0,0,0,0,0
421.0,834.3333,782.4167,28.509521,667,0,0,0,0,0,0,0,0,0,0,0,0,1379.0442,901.4602,2.9258945,1534,0,0,0,0,0,0,0,0,0,0,0,0
422.0,834.6667,789.55554,7.1466346,490,980.1177,723.6177,14.620566,4,0,0,0,0,0,0,0,0,1409.5714,927.4286,40.078278,1534,0,0,0,0,0,0,0,0,0,0,0,0
423.0,838.11426,793.2857,5.0793567,814,979.8461,730.96155,7.348891,4,0,0,0,0,0,0,0,0,1370.2294,900.4679,47.693554,1534,0,0,0,0,0,0,0,0,0,0,0,0
424.0,835.85297,799.05884,6.200201,1138,0,0,0,0,0,0,0,0,0,0,0,0,1366.5929,900.823,3.6537714,1534,0,0,0,0,0,0,0,0,0,0,0,0
425.0,834.0,774.913,24.216806,961,0,0,0,0,0,0,0,0,0,0,0,0,1366.5929,900.8761,0.053100586,1534,0,0,0,0,0,0,0,0,0,0,0,0
426.0,826.3333,788.3333,15.455815,1534,997.92,728.28,8.621874,4,0,0,0,0,0,0,0,0,1368.305,904.322,3.8478396,1534,0,0,0,0,0,0,0,0,0,0,0,0
427.0,827.069,789.31036,1.2230369,1297,0,0,0,0,0,0,0,0,0,0,0,0,1375.0173,906.13043,6.9516225,1534,0,0,0,0,0,0,0,0,0,0,0,0
428.0,814.9286,791.7857,12.390164,1417,0,0,0,0,0,0,0,0,0,0,0,0,1369.15,905.6,5.8912396,1534,0,0,0,0,0,0,0,0,0,0,0,0
429.0,812.5,800.4375,8.986189,2623,0,0,0,0,0,0,0,0,0,0,0,0,1403.1951,909.9756,34.32508,1534,0,0,0,0,0,0,0,0,0,0,0,0
430.0,800.3036,790.4464,15.766239,1014,0,0,0,0,0,0,0,0,0,0,0,0,1393.925,904.45,10.791906,1534,0,0,0,0,0,0,0,0,0,0,0,0
431.0,796.5789,788.6842,4.120503,1215,0,0,0,0,0,0,0,0,0,0,0,0,1379.8474,904.29663,14.078472,1534,0,0,0,0,0,0,0,0,0,0,0,0
432.0,797.9167,794.5833,6.048893,1247,0,0,0,0,0,0,0,0,0,0,0,0,1401.875,898.975,22.661303,1534,0,0,0,0,0,0,0,0,0,0,0,0
433.0,791.8125,787.25,9.541414,1499,0,0,0,0,0,0,0,0,0,0,0,0,1387.5546,899.2909,14.323919,1534,0,0,0,0,0,0,0,0,0,0,0,0
434.0,787.65,798.675,12.159628,1192,0,0,0,0,0,0,0,0,0,0,0,0,1400.9009,897.57025,13.456771,1534,0,0,0,0,0,0,0,0,0,0,0,0
435.0,792.45,793.05,7.394627,1413,0,0,0,0,0,0,0,0,0,0,0,0,1395.0,897.661,5.901577,1534,0,0,0,0,0,0,0,0,0,0,0,0
436.0,794.04,803.28,10.352861,1751,0,0,0,0,0,0,0,0,0,0,0,0,1400.2258,897.7258,5.226232,1534,0,0,0,0,0,0,0,0,0,0,0,0
437.0,796.5455,790.4545,13.067937,1984,0,0,0,0,0,0,0,0,0,0,0,0,1386.6578,897.1579,13.579874,1534,0,0,0,0,0,0,0,0,0,0,0,0
438.0,777.675,798.3,20.4364,1656,0,0,0,0,0,0,0,0,0,0,0,0,1391.9,905.075,9.495326,1534,0,0,0,0,0,0,0,0,0,0,0,0
439.0,782.2941,775.7647,23.003809,2012,0,0,0,0,0,0,0,0,0,0,0,0,1407.4122,888.73285,22.532085,1534,795.4,728.6,11.253241,1,0,0,0,0,0,0,0,0
440.0,770.4783,805.56525,32.05755,1722,0,0,0,0,0,0,0,0,0,0,0,0,1405.3307,906.7258,18.112984,1534,785.12067,731.7931,10.763884,4,0,0,0,0,0,0,0,0
441.0,767.4878,791.85364,14.03393,2399,0,0,0,0,0,0,0,0,0,0,0,0,1422.2222,884.06665,28.262352,1534,802.1642,733.92535,17.17638,4,0,0,0,0,0,0,0,0
442.0,760.5714,790.7143,7.0095963,3001,0,0,0,0,0,0,0,0,0,0,0,0,1411.9465,873.5725,14.687262,1534,810.0923,728.03076,9.879322,10,0,0,0,0,0,0,0,0
443.0,756.3871,800.9032,11.014642,2275,0,0,0,0,0,0,0,0,0,0,0,0,1424.3951,898.1129,27.517256,1152,797.7273,727.7273,12.368713,4,0,0,0,0,0,0,0,0
444.0,750.95,804.4,6.464484,3076,0,0,0,0,0,0,0,0,0,0,0,0,1406.0924,900.30255,18.433247,1152,792.73846,732.0,6.568443,20,0,0,0,0,0,0,0,0
445.0,742.9853,814.94116,13.211827,2964,0,0,0,0,0,0,0,0,0,0,0,0,1409.0924,891.22687,9.558662,1152,794.95715,735.1286,3.8354564,71,0,0,0,0,0,0,0,0
446.0,742.7368,812.6316,2.322898,2708,0,0,0,0,0,0,0,0,0,0,0,0,1433.811,864.9685,36.062614,1152,786.7917,734.2083,8.217163,18,0,0,0,0,0,0,0,0
447.0,742.1707,817.35364,4.7558584,2942,0,0,0,0,0,0,0,0,0,0,0,0,1417.9412,889.89075,29.546082,1152,815.3226,740.9032,29.30585,18,0,0,0,0,0,0,0,0
448.0,728.069,808.81036,16.487776,1693,0,0,0,0,0,0,0,0,0,0,0,0,1421.9274,870.89514,19.40935,1152,797.86365,744.9545,17.922813,36,0,0,0,0,0,0,0,0
449.0,737.4868,820.7763,15.227593,2817,0,0,0,0,0,0,0,0,0,0,0,0,1412.2627,879.88983,13.202664,1152,803.6087,754.1739,10.862885,348,0,0,0,0,0,0,0,0
450.0,730.2955,793.2955,28.406193,910,0,0,0,0,0,0,0,0,0,0,0,0,1415.64,887.256,8.103484,1152,820.4727,757.9091,17.27272,10,0,0,0,0,0,0,0,0
451.0,723.825,796.725,7.3231373,1930,0,0,0,0,0,0,0,0,0,0,0,0,1417.878,886.60974,2.3294713,1152,825.6462,752.7692,7.2926817,10,0,0,0,0,0,0,0,0
452.0,720.0833,786.8333,10.575694,1535,0,0,0,0,0,0,0,0,0,0,0,0,1419.096,902.76,16.196125,1152,818.619,755.5714,7.5652647,493,0,0,0,0,0,0,0,0
453.0,707.3774,795.6226,15.44968,2062,0,0,0,0,0,0,0,0,0,0,0,0,1395.7623,887.65576,27.795612,1152,828.4138,758.5862,10.248265,703,0,0,0,0,0,0,0,0
454.0,703.73334,806.4667,11.439956,1846,0,0,0,0,0,0,0,0,0,0,0,0,1403.1794,897.5641,12.376934,1152,828.6818,764.3182,5.7382565,779,0,0,0,0,0,0,0,0
455.0,705.4054,785.5135,21.019794,708,0,0,0,0,0,0,0,0,0,0,0,0,1388.6666,890.4524,16.161623,1534,826.5,747.4655,16.993309,686,0,0,0,0,0,0,0,0
456.0,706.2,784.95,0.97412604,705,0,0,0,0,0,0,0,0,0,0,0,0,1395.2142,905.119,16.061789,1534,845.0847,762.35596,23.814217,1040,0,0,0,0,0,0,0,0
457.0,693.6429,812.0893,29.903547,1257,0,0,0,0,0,0,0,0,0,0,0,0,1414.1666,885.619,27.192705,1534,841.63635,760.5273,3.9032378,1052,0,0,0,0,0,0,0,0
458.0,696.8,811.5333,3.2056842,2414,0,0,0,0,0,0,0,0,0,0,0,0,1408.091,897.2273,13.102138,1534,834.2,756.6,8.409691,677,0,0,0,0,0,0,0,0
459.0,688.75385,829.10767,19.32868,2588,0,0,0,0,0,0,0,0,0,0,0,0,1394.2017,893.371,14.414694,1534,837.9474,762.7895,7.235531,1407,0,0,0,0,0,0,0,0
460.0,679.0,822.8421,11.592876,2099,0,0,0,0,0,0,0,0,0,0,0,0,1390.6721,893.38525,3.5295699,1534,841.20966,759.0484,4.9636817,1554,0,0,0,0,0,0,0,0
461.0,676.381,830.1429,7.7563305,2184,0,0,0,0,0,0,0,0,0,0,0,0,1398.5077,900.25385,10.419872,1534,854.12305,771.3692,17.848188,1758,0,0,0,0,0,0,0,0
462.0,662.1875,816.125,19.948833,1977,0,0,0,0,0,0,0,0,0,0,0,0,1390.795,902.23773,7.9637127,1534,854.8333,764.8889,6.5190935,2043,0,0,0,0,0,0,0,0
463.0,664.2453,817.6415,2.5562184,2178,0,0,0,0,0,0,0,0,0,0,0,0,1390.7458,902.33606,0.109947294,1534,848.069,766.34485,6.9192543,2337,0,0,0,0,0,0,0,0
464.0,656.3571,824.6786,10.57092,2440,0,0,0,0,0,0,0,0,0,0,0,0,1394.125,892.65,10.258554,1534,844.98,772.02,6.461379,2631,0,0,0,0,0,0,0,0
465.0,657.65454,811.14545,13.595192,2668,0,0,0,0,0,0,0,0,0,0,0,0,1405.9181,902.13934,15.136848,1534,867.5294,782.35297,24.804173,3034,0,0,0,0,0,0,0,0
466.0,649.94116,805.4706,9.576028,2305,0,0,0,0,0,0,0,0,0,0,0,0,1404.6885,907.3525,5.356186,1534,866.8302,787.6415,5.3345366,3549,0,0,0,0,0,0,0,0
467.0,642.4186,817.0465,13.805483,2222,0,0,0,0,0,0,0,0,0,0,0,0,1396.15,897.775,12.830931,1534,865.2712,772.77966,14.943364,3594,0,0,0,0,0,0,0,0
468.0,644.63635,814.5455,3.3427098,2252,0,0,0,0,0,0,0,0,0,0,0,0,1403.6066,906.56555,11.527072,1534,867.6857,776.2286,4.210114,3873,0,0,0,0,0,0,0,0
469.0,649.5517,820.86206,8.003743,2447,0,0,0,0,0,0,0,0,0,0,0,0,1405.1897,909.12933,3.0131838,1534,866.80646,773.2742,3.082473,4641,0,0,0,0,0,0,0,0
470.0,636.2093,808.81396,17.97711,3215,0,0,0,0,0,0,0,0,0,0,0,0,1398.9836,884.63116,25.272028,1534,881.9516,783.24194,18.130962,4944,0,0,0,0,0,0,0,0
471.0,640.7222,819.1667,11.293604,3543,0,0,0,0,0,0,0,0,0,0,0,0,1409.9517,879.55646,12.085117,1534,882.9,779.7,3.6667135,5711,0,0,0,0,0,0,0,0
472.0,640.8261,818.73914,0.43999037,3133,0,0,0,0,0,0,0,0,0,0,0,0,1407.6885,881.7787,3.1717978,1534,876.2273,772.5455,9.783291,6302,0,0,0,0,0,0,0,0
473.0,636.53845,835.53845,17.33785,2716,0,0,0,0,0,0,0,0,0,0,0,0,1408.1653,879.7438,2.0900266,1534,872.7656,782.9531,10.968246,6557,0,0,0,0,0,0,0,0
474.0,627.8571,813.375,23.803028,3096,0,0,0,0,0,0,0,0,0,0,0,0,1400.907,877.4186,7.6216445,1534,907.65515,780.62067,34.967403,6671,0,0,0,0,0,0,0,0
475.0,629.11365,831.88635,18.55395,3764,0,0,0,0,0,0,0,0,0,0,0,0,1396.9656,906.3362,29.184969,1534,896.76,795.72,18.619696,6838,0,0,0,0,0,0,0,0
476.0,617.63635,834.1818,11.704593,3906,0,0,0,0,0,0,0,0,0,0,0,0,1390.7,894.975,12.9744,1534,894.0448,801.08954,6.017028,8145,0,0,0,0,0,0,0,0
477.0,614.7321,819.375,15.088957,4037,0,0,0,0,0,0,0,0,0,0,0,0,1391.3793,893.3017,1.8059179,1534,896.2286,798.6,3.3116167,8995,0,0,0,0,0,0,0,0
478.0,602.4627,820.43286,12.314929,2117,0,0,0,0,0,0,0,0,0,0,0,0,1387.4755,895.5,4.4802074,1534,911.83636,793.4727,16.428385,9265,0,0,0,0,0,0,0,0
479.0,593.7818,823.58185,9.234407,2083,0,0,0,0,0,0,0,0,0,0,0,0,620.8889,750.9259,7.205025,1,1398.664,885.61475,14.929845,1534,910.26086,786.7826,6.8731337,9600,0,0,0,0
480.0,585.3273,819.7091,9.299312,2089,0,0,0,0,0,0,0,0,0,0,0,0,616.66266,746.63855,6.020187,105,1408.5469,898.875,16.538038,1534,905.6301,798.0,12.135648,10640,0,0,0,0
481.0,596.1549,842.1972,24.959011,2860,0,0,0,0,0,0,0,0,0,0,0,0,614.35486,753.4516,7.193301,136,1411.8572,898.7619,3.3122342,1534,909.44446,807.03705,9.809045,11138,0,0,0,0
482.0,580.4318,830.0455,19.871588,4295,0,0,0,0,0,0,0,0,0,0,0,0,612.5161,745.25806,8.397328,3,1411.7142,898.619,0.20211066,1534,925.8434,796.3735,19.5611,11194,0,0,0,0
483.0,586.55695,833.01263,6.8059664,3874,0,0,0,0,0,0,0,0,0,0,0,0,1410.6049,897.121,1.8640969,1534,923.0833,814.6667,18.50026,11873,0,0,0,0,0,0,0,0
484.0,583.4605,828.0789,5.8249006,4333,0,0,0,0,0,0,0,0,0,0,0,0,617.4828,746.5517,4.615662,9,1414.3549,898.79034,4.10479,1534,933.55554,817.44446,10.834371,12257,0,0,0,0
485.0,586.9737,838.0658,10.586793,3157,0,0,0,0,0,0,0,0,0,0,0,0,616.988,737.92773,8.638146,94,1399.9354,888.5323,17.695982,1534,945.3117,812.06494,12.928518,12101,0,0,0,0
486.0,578.96,824.68,15.601239,4117,0,0,0,0,0,0,0,0,0,0,0,0,609.9759,739.40967,7.1669703,244,1400.186,892.6977,4.1729374,1534,936.6316,817.2632,10.117614,12655,0,0,0,0
487.0,569.26086,823.95654,9.726101,3122,0,0,0,0,0,0,0,0,0,0,0,0,605.8214,743.8214,6.0599656,389,1398.0952,890.3333,3.1562355,1534,934.75,811.9167,5.667928,13184,0,0,0,0
488.0,566.1177,831.9706,8.608394,2514,0,0,0,0,0,0,0,0,0,0,0,0,605.7033,742.61536,1.2118235,622,1401.4354,890.2742,3.3407335,1534,961.58826,825.6,30.125145,12924,0,0,0,0
489.0,566.7042,833.4507,1.5920873,2236,0,0,0,0,0,0,0,0,0,0,0,0,621.62335,742.94806,15.92352,832,1399.6875,891.9375,2.412863,1534,965.2341,832.40424,7.7194505,13464,0,0,0,0
490.0,569.4643,811.5536,22.070358,1103,0,0,0,0,0,0,0,0,0,0,0,0,619.48236,741.2471,2.734448,1018,1401.7847,894.6462,3.4256468,1534,961.1359,824.73785,8.692997,13837,0,0,0,0
491.0,554.71875,833.6719,26.582882,1039,0,0,0,0,0,0,0,0,0,0,0,0,608.7907,743.05817,10.843959,1430,1402.238,891.9524,2.7316716,1534,974.25714,817.65717,14.909811,13577,0,0,0,0
492.0,547.9839,823.1129,12.523978,2064,0,0,0,0,0,0,0,0,0,0,0,0,604.96295,738.3333,6.0807877,1442,1407.65,890.2,5.688624,1534,986.9,847.4,32.318417,13898,0,0,0,0
493.0,541.8,800.4,23.539669,223,0,0,0,0,0,0,0,0,0,0,0,0,623.6374,745.1868,19.892344,1934,1402.0,892.1905,5.990391,1534,994.4815,840.7407,10.090846,13571,0,0,0,0
494.0,541.6047,833.6512,33.25173,231,0,0,0,0,0,0,0,0,0,0,0,0,630.7579,746.9053,7.324912,2339,1397.4419,892.76746,4.5944767,1534,989.1158,839.6842,5.4687486,14169,0,0,0,0
495.0,531.3158,835.2632,10.414392,275,0,0,0,0,0,0,0,0,0,0,0,0,649.10297,755.1177,20.099401,2667,1392.7906,885.4186,8.69713,1534,1014.4639,869.165,38.87987,14607,0,0,0,0
496.0,534.8372,842.72095,8.247343,1061,0,0,0,0,0,0,0,0,0,0,0,0,643.6974,761.3684,8.263893,3009,1386.325,900.725,16.615986,1534,1025.8611,866.5,11.704583,14361,0,0,0,0
497.0,518.6719,836.15625,17.447453,1104,0,0,0,0,0,0,0,0,0,0,0,0,642.9146,749.45123,11.942856,3420,1411.2273,871.75,38.205704,1534,1021.8461,865.99036,4.0471706,14935,0,0,0,0
498.0,518.1892,836.87836,0.86856484,518,0,0,0,0,0,0,0,0,0,0,0,0,636.74286,761.02856,13.119647,3660,1397.4265,880.6103,16.400192,1534,1031.25,870.81,10.56701,14715,0,0,0,0
499.0,513.72,832.64,6.1593537,908,0,0,0,0,0,0,0,0,0,0,0,0,635.4156,777.4675,16.49246,4278,1420.2538,861.98505,29.461569,1534,1034.6487,882.2973,11.979533,15269,0,0,0,0
500.0,512.7826,839.6957,7.117659,723,0,0,0,0,0,0,0,0,0,0,0,0,642.03656,769.2439,10.557717,4728,1408.5111,876.6667,18.800026,1534,1062.7732,887.5361,28.608265,15044,0,0,0,0
501.0,509.66666,830.619,9.596604,578,0,0,0,0,0,0,0,0,0,0,0,0,653.3415,770.45123,11.369219,5202,1406.1654,878.3233,2.871707,1534,1055.0642,893.20184,9.567101,15395,0,0,0,0
502.0,520.7705,847.6229,20.308332,329,0,0,0,0,0,0,0,0,0,0,0,0,650.35443,773.31647,4.139094,5844,1410.6338,863.4718,15.509144,1534,1077.0509,893.7712,21.994064,15401,0,0,0,0
588.0,824.5333,743.0,10.274761,36,0,0,0,0,0,0,0,0,0,0,0,0,1518.6364,888.4727,8.610348,1152,626.8525,771.73773,10.934697,2682,846.06976,788.1628,21.011045,2026,0,0,0,0
590.0,838.88574,751.2857,4.9939694,6,0,0,0,0,0,0,0,0,0,0,0,0,1494.9038,949.71155,45.605858,1152,624.75,775.9167,10.835358,4086,857.2742,800.2258,7.4783635,2963,0,0,0,0
591.0,850.6579,760.8158,15.146164,151,0,0,0,0,0,0,0,0,0,0,0,0,1491.0806,947.8188,4.2661138,1152,630.1558,773.25977,6.0234666,4497,860.3333,815.7778,15.849959,3364,0,0,0,0
