frame_number,person_center_x,person_center_y,person_velocity,person_intersection,vehicle_center_x,vehicle_center_y,vehicle_velocity,vehicle_intersection
241.0,964.4545,628.8182,7.5018053,38,841.3929,639.6429,12.438298,43
242.0,966.5106,628.8511,2.0563545,48,848.86365,642.0,7.833793,130
243.0,965.413,629.8043,1.4537522,36,864.7241,650.37933,17.93789,153
244.0,968.775,636.75,7.7165728,54,869.4,654.4,6.166849,400
550.0,667.6,639.06665,1.8406644,248,843.06976,624.8372,6.302247,232
551.0,671.717,639.84906,4.190691,213,821.43243,641.5135,27.31798,349
552.0,677.9032,619.8387,20.944796,189,854.16,642.36,32.738483,574
553.0,692.0455,623.4545,14.5971985,187,871.03125,655.21875,21.212915,736
554.0,690.75,614.55,8.998282,112,868.8,638.76,16.609295,1159
555.0,698.6591,627.2045,14.922853,141,873.76746,627.97675,11.872427,1302
556.0,700.5,639.0714,12.008819,174,871.2632,641.8421,14.089694,2186
557.0,705.78,633.84,7.4327717,180,881.7,650.1,13.308639,2744
558.0,713.8033,638.21313,9.137652,131,894.0,648.8571,12.362621,3065
559.0,715.01697,634.01697,4.3681626,191,918.5806,665.5161,29.69393,3790
560.0,722.9524,629.4762,9.142734,194,922.35297,653.4706,12.6224165,4292
561.0,723.83075,637.61536,8.186418,136,927.4773,677.1818,24.258642,4619
562.0,726.4545,629.9545,8.097685,123,920.46,657.06,21.310326,5109
563.0,729.18,634.5,5.299949,75,941.1579,667.6842,23.265335,5621
564.0,738.225,623.25,14.435172,97,929.58826,667.8823,11.571337,6345
565.0,744.8461,625.61536,7.0309744,91,956.1111,689.7222,34.35756,6298
566.0,747.25714,629.0571,4.2022343,97,953.55,693.7,4.730959,6815
567.0,750.55817,624.55817,5.5800924,151,973.5238,684.7619,21.882484,6573
568.0,764.1429,614.3571,16.988407,76,987.7013,696.8182,18.610615,6355
569.0,762.4286,625.2857,11.062226,225,980.4211,703.8421,10.116177,6632
570.0,769.09753,628.53656,7.4190893,223,1002.5373,702.0448,22.189121,6338
571.0,771.6923,629.25,2.6910813,250,1004.6053,711.7105,9.88446,6440
572.0,775.78845,641.0769,12.516148,317,1020.0732,712.5732,15.491934,6120
573.0,775.3019,641.26416,0.52136105,329,1031.1094,729.7031,20.377256,5635
574.0,781.2,644.4,6.6799407,383,1032.3077,727.3077,2.6784775,5410
575.0,778.94116,649.64703,5.712575,407,1045.931,733.7586,15.073438,5041
576.0,793.3953,632.093,22.739092,299,1064.0,733.76666,18.068972,4490
577.0,789.9783,640.3043,8.893917,309,1069.0786,746.39325,13.609666,4012
578.0,801.0625,631.625,14.078023,213,1076.7667,756.1,12.382551,3486
579.0,805.9737,638.8421,8.729628,234,1099.4269,771.36584,27.322691,3016
580.0,805.2222,634.7778,4.1332173,183,1121.2959,769.59186,21.940853,2509
581.0,813.7059,619.2353,17.707087,135,1134.0625,778.0625,15.321158,2020
582.0,822.9091,619.5455,9.208473,153,1153.62,780.27,19.681686,1555
583.0,822.875,628.125,8.5795965,303,1161.2307,786.989,10.152236,1166
584.0,824.25,626.7,1.9802059,324,1197.2621,806.5922,41.018845,730
585.0,827.5227,625.2273,3.5888014,458,1205.8823,814.94116,12.000554,440
586.0,838.7143,633.6857,14.028428,248,1230.934,806.4623,26.447607,210
587.0,840.4,626.2,7.6731777,245,1246.909,837.99176,35.345608,62
616.0,944.63635,646.1818,11.970954,316,654.31036,638.89655,8.843031,14
617.0,946.62,634.08,12.263302,272,683.74286,647.65717,30.708635,65
618.0,948.8333,637.55554,4.120443,304,684.75,645.5833,2.3054712,122
619.0,955.11426,635.3143,6.6688504,255,683.12195,640.7561,5.09436,201
620.0,962.0816,634.53064,7.011276,279,671.72095,638.3023,11.662072,405
621.0,962.7895,637.3158,2.873708,352,691.625,646.25,21.432152,438
622.0,961.73334,638.8,1.8216156,464,686.11365,642.61365,6.6028833,842
623.0,963.0,627.5455,11.325572,333,687.5217,645.9783,3.6473808,1120
624.0,979.1111,623.55554,16.597788,248,692.1429,643.2857,5.348363,1204
625.0,977.069,618.0,5.9189763,314,694.38464,652.2308,9.2217,1439
626.0,982.7143,639.0,21.745567,138,709.13513,663.97296,18.853537,2026
627.0,982.8461,639.2308,0.2657768,138,700.9459,653.1081,13.605458,2530
628.0,986.5,632.5,7.6585956,318,689.0,662.0909,14.946424,2899
629.0,991.8889,625.0,9.235281,365,694.18604,657.48834,6.9338536,3232
630.0,990.5806,630.871,6.014975,295,713.175,657.225,18.99078,3903
631.0,993.0,632.1081,2.717321,435,696.75,659.1875,16.541817,4448
632.0,997.5,648.375,16.877863,357,711.8571,665.32654,16.306833,4583
633.0,998.8,633.93335,14.500043,327,709.6429,670.9286,6.02377,4751
634.0,994.08,645.0,12.031162,275,729.41174,670.1177,19.785484,5528
635.0,990.28125,649.125,5.607696,299,716.04,670.74,13.386238,6396
636.0,993.7,647.2,3.9234567,398,709.1539,679.53845,11.172798,6738
637.0,1008.09375,644.71875,14.606038,183,718.7059,677.94116,9.684631,7299
638.0,1008.75,635.71875,9.023894,273,733.2,667.73334,17.727938,7214
639.0,1008.1818,637.8182,2.1749518,242,731.1,678.9,11.362441,7271
640.0,1018.4,630.0,12.86606,212,737.53845,685.96155,9.556103,7671
641.0,1024.8462,619.38464,12.419294,227,737.4643,693.6964,7.735219,7878
642.0,1030.8,625.65,8.643114,29,740.0182,694.7455,2.7609649,8058
643.0,1031.4706,630.8823,5.27509,79,772.7442,694.4651,32.727215,7936
644.0,1034.75,626.25,5.675651,91,753.4737,690.1053,19.75754,8027
645.0,1036.3846,630.0769,4.161401,95,760.322,699.71185,11.7977,8355
646.0,1038.4412,624.8823,5.5868535,88,743.1702,704.55316,17.821962,8637
647.0,1041.5385,629.7692,5.7857594,88,767.4407,717.61017,27.559753,8772
648.0,1040.8286,630.6,1.0927104,88,775.9821,724.9821,11.282813,8337
649.0,1038.9375,640.40625,9.986958,88,765.7959,708.0612,19.750338,8550
650.0,1042.7693,637.61536,4.7404304,88,777.9677,709.35486,12.240366,8625
655.0,1049.25,640.5,23.964073,4,786.1948,713.8442,10.500289,8951
816.0,1066.0769,627.0769,1.2370899,1,811.61536,782.53845,11.95848,362
853.0,941.1923,652.96155,9.587862,682,692.625,648.0,5.2008586,27
854.0,928.6071,644.25,15.306157,538,692.125,649.875,1.9405218,51
855.0,921.2143,655.7143,13.641256,386,703.2,648.6,11.148165,54
856.0,921.0,625.2,30.515034,539,703.8333,646.1667,2.5143514,112
857.0,916.9286,653.1429,28.237925,542,706.0,641.0,5.6026053,109
858.0,918.13043,643.3043,9.911696,290,716.2105,648.3158,12.560867,214
859.0,904.59576,644.04254,13.554786,638,708.9474,653.2105,8.7584915,244
860.0,908.6512,656.23254,12.84689,565,713.7143,652.2857,4.8557863,382
861.0,895.619,646.3333,16.365578,820,715.5,651.5769,1.9212348,463
862.0,893.38776,657.551,11.437466,861,723.1667,662.5,13.345116,448
863.0,889.21875,645.84375,12.427426,639,718.2692,661.5,4.9985123,607
864.0,885.72974,653.1081,8.058778,609,731.0769,665.53845,13.429286,742
865.0,876.1875,651.5,9.676788,637,731.6667,651.1667,14.383862,907
866.0,873.3333,651.5238,2.8542862,900,735.5455,660.4091,10.023349,887
867.0,870.3871,646.35486,5.949643,588,735.9474,672.6316,12.229079,1105
868.0,869.7692,640.5,5.887369,585,733.34485,681.31036,9.06059,1282
869.0,863.1429,636.4286,7.777198,520,741.4737,683.0526,8.313457,1315
870.0,858.5769,625.8461,11.5254755,644,743.4286,681.4286,2.5414693,1521
871.0,847.2414,648.31036,25.162186,741,744.13635,692.4545,11.048633,1691
872.0,848.73914,641.86957,6.6126456,433,747.4286,683.3571,9.674799,1821
2033.0,1030.2142,619.0,5.2320395,1,889.0851,641.42554,12.289823,773
2034.0,1030.9714,613.7143,5.3396664,19,903.5122,647.2683,15.565343,901
2035.0,1031.8286,622.3714,8.699437,19,903.4667,636.93335,10.335061,901
2036.0,1027.7587,624.31036,4.5082197,19,909.13043,632.0217,7.496811,1112
2037.0,1028.7097,626.9032,2.7617543,19,917.4894,634.65955,8.765278,1417
2038.0,1012.0714,606.4286,26.382624,34,916.0714,636.5357,2.351725,1390
2039.0,1012.2857,620.1429,13.715969,22,923.4857,627.4286,11.743573,1234
2040.0,1008.0,623.5,5.4440336,34,924.18,641.52,14.108524,1149
2041.0,1005.13635,622.0909,3.1915658,58,915.93335,636.26666,9.777775,864
2042.0,1004.2222,625.6667,3.6908004,22,923.0,644.0714,10.528611,2161
2043.0,1003.88574,616.02856,9.643994,22,916.65955,653.29785,11.1950245,2887
2044.0,999.8108,621.56757,6.876465,25,934.8823,654.1177,18.24121,2683
2065.0,899.4,612.0,4.1785393,6,1004.32837,664.2537,21.640358,5870
2072.0,856.2545,625.85455,4.7291737,16,720.0,640.05554,16.303572,6517
2073.0,854.34546,631.41815,5.8820176,16,723.9783,653.413,13.937324,6801
2074.0,847.9385,625.33844,8.8324585,34,710.2909,662.8909,16.648573,6910
2075.0,840.75,629.1875,8.154107,10,737.1964,669.9107,27.806189,7447
2076.0,835.0645,621.29034,9.730869,13,728.15,676.9,11.431871,7751
2077.0,836.3333,615.7778,5.6567054,52,712.55,668.8,17.577593,7853
2078.0,831.5217,604.8261,11.962032,13,729.83606,669.1967,17.290625,8117
2079.0,829.5,616.8333,12.176218,121,732.5143,672.34283,4.131699,8397
2080.0,825.0,623.4,7.960634,97,728.64703,671.7353,3.91468,8553
2081.0,819.5806,615.29034,9.753795,52,747.9429,674.0571,19.435026,8406
2104.0,691.3125,627.75,45.62446,357,855.7311,801.35297,19.561022,11704
2105.0,690.4865,617.8378,9.946526,384,845.8378,811.7027,14.317588,11906
2106.0,691.75,636.25,18.455471,535,864.6053,827.1842,24.32888,12069
2107.0,685.5,629.1,9.496596,739,864.2869,824.4261,2.7764304,12292
2108.0,673.8,644.73334,19.526707,686,863.7068,831.2932,6.891588,12439
2109.0,667.7442,650.5814,8.418589,667,885.9783,832.63043,22.311592,12279
2110.0,661.0161,646.0161,8.130757,713,895.44,845.904,16.300667,12438
2111.0,659.09436,648.90564,3.47023,559,888.9318,837.9773,10.256165,12516
2112.0,659.1923,650.1923,1.2904059,615,918.45654,885.06525,55.57863,12354
2113.0,657.7174,657.587,7.5403094,558,937.2292,864.2292,28.045563,12316
2114.0,650.9077,640.0615,18.80195,542,922.093,828.72095,38.599724,12039
2115.0,654.5455,656.4545,16.79178,552,957.4,847.75,40.10847,11795
2116.0,648.6,648.675,9.791332,481,953.9048,843.8095,5.267273,11561
2117.0,641.6786,655.3929,9.645502,508,971.97437,837.71796,19.068737,11328
2118.0,636.75,641.875,14.388334,451,976.0227,837.9773,4.0566382,10875
2119.0,629.6129,644.0323,7.4559956,469,984.85986,857.36945,21.310816,9924
2120.0,616.1539,633.6923,16.972353,628,1017.30255,859.10925,32.489304,7260
2121.0,609.7659,640.40424,9.265827,933,1050.9916,849.68646,34.981987,6455
2122.0,604.86206,647.89655,8.954476,782,1069.1831,877.85913,33.535515,4043
2123.0,601.8197,647.0164,3.167107,794,1122.875,879.35,53.71259,1503
2124.0,601.6981,653.6604,6.645094,625,1097.0698,875.6279,26.072222,964
2265.0,549.2941,653.2353,35.097816,43,955.4628,691.36365,25.13509,14056
2266.0,549.0,647.42554,5.817194,26,961.937,704.7402,14.860905,14057
2267.0,548.0,655.75,8.384312,43,953.93286,698.14923,10.368555,13922
2268.0,552.225,648.075,8.761043,48,965.4889,700.8,11.856153,13786
2269.0,545.61536,664.6923,17.88357,48,971.6308,705.46155,7.7105875,13723
2270.0,546.3077,662.61536,2.1893137,48,968.904,713.064,8.076704,13651
2271.0,545.2222,652.3333,10.339179,43,984.3986,714.3357,15.546725,13578
2273.0,546.4375,652.0,29.624935,48,986.63043,714.4783,9.214749,13381
2274.0,546.6,656.93335,4.936024,48,1000.54614,722.9308,16.281647,13345
2275.0,546.4039,653.88464,3.055007,43,1017.09937,718.3113,17.185722,13300
2276.0,548.05884,653.17645,1.8001262,48,1008.36426,731.20715,15.575805,13191
2277.0,548.8605,648.27905,4.9625745,48,1021.02795,723.77625,14.682901,13104
2278.0,552.65625,649.6875,4.0486593,49,1027.3936,729.5613,8.601598,13041
2279.0,548.67566,648.8919,4.059319,49,1040.0364,736.1818,14.27139,12936
2280.0,554.55884,650.1177,6.0095177,55,1047.4286,729.4675,9.986318,12747
2285.0,552.9091,659.0,51.17947,211,1051.797,752.7411,19.726341,12627
2286.0,551.5714,654.2143,4.9691486,301,1105.2747,780.7306,60.359528,12330
2287.0,553.14703,653.3823,1.7817858,420,1096.6906,773.9834,10.918402,12339
2288.0,561.0,645.8077,10.910745,645,1101.3247,779.5361,7.232398,12354
2289.0,561.84906,662.8868,17.100193,619,1108.9902,778.2878,7.7665014,12339
2290.0,564.3261,677.73914,15.057499,1050,1150.3315,779.0374,41.348106,11862
2291.0,561.75,672.525,5.8157806,954,1139.0853,763.0793,19.522789,11871
2292.0,566.1,682.4,10.79064,1014,1147.2754,745.27545,19.597286,11862
2293.0,557.6667,673.1667,12.504994,927,1160.0393,738.92694,14.255566,11862
2294.0,563.6,664.5,10.503113,737,1167.5714,735.0536,8.469678,11300
2295.0,567.13336,661.6667,4.529071,752,1204.5,732.6188,37.00877,11300
2296.0,568.93335,671.26666,9.767266,825,1191.568,719.6805,18.293066,11300
2297.0,569.8393,676.6071,5.4167504,966,1278.362,713.7759,86.99468,10724
2298.0,567.87805,684.95123,8.571508,1077,1249.0,741.36206,40.288063,10724
2299.0,569.2105,674.6053,10.431398,1057,1288.7191,725.2584,42.85948,10724
2300.0,573.7105,671.5263,5.452533,944,1342.0829,713.75146,54.59031,10156
2301.0,581.44183,664.1163,10.708966,814,1119.824,753.57043,225.79764,10156
2302.0,584.07275,650.94543,13.431035,973,1137.1013,779.8581,31.457075,9580
2303.0,593.4828,638.5862,15.53383,527,1158.9778,735.3333,49.608826,9580
2304.0,591.5714,662.8571,24.34608,545,1146.8478,767.3261,34.215145,9580
2305.0,594.5,667.75,5.7023625,620,1149.5435,770.3261,4.033198,9580
2306.0,600.2857,661.0,8.890269,872,1132.1471,724.85297,48.68717,9015
2307.0,603.6,667.2,7.0302587,677,1196.625,689.4375,73.56396,9015
2308.0,607.32,655.08,12.678049,593,1171.321,707.66974,31.188215,8446
2309.0,604.5714,649.7143,6.0287447,554,1217.6418,772.92535,80.024445,8446
2310.0,596.4808,653.7692,9.049911,1046,1170.6992,750.1805,52.162624,8446
2311.0,609.7,646.4,15.13451,554,1276.6012,751.2883,105.90777,7882
2312.0,607.4516,652.64514,6.6375337,689,1254.9883,714.0706,43.03808,7882
2313.0,603.3333,654.1667,4.3903737,1142,1347.7206,772.5147,109.612915,7321
2314.0,611.4545,657.4091,8.744571,780,1294.5953,730.8902,67.48994,7289
2315.0,603.6,637.0,21.868382,711,1302.8766,741.1948,13.21985,6758
2316.0,606.2069,650.5862,13.834032,720,1285.2858,681.2857,62.438286,6689
2317.0,603.8571,662.4,12.045265,714,1297.9,708.26,29.778055,6199
2318.0,611.4878,657.5122,9.061897,699,1322.1527,698.1756,26.265722,5644
2319.0,614.0714,656.2143,2.8913076,789,1320.5454,662.4126,35.7991,5599
2320.0,610.2353,655.14703,3.981817,841,1320.6136,662.6591,0.2557908,5087
2321.0,612.0714,652.3571,3.3399065,871,1366.4286,724.3571,76.848236,4535
2322.0,611.27026,645.0,7.4006085,910,1343.7584,676.24835,53.182606,4395
2323.0,615.35297,646.5,4.349536,682,1351.659,644.5227,32.694595,3927
2324.0,617.91895,645.4054,2.7896965,619,754.86,650.22,11.351257,3548
2325.0,630.13043,639.7826,13.443821,340,781.1818,664.36365,29.881144,3968
2326.0,630.44446,644.0,4.229082,346,766.46155,653.7692,18.13638,4710
2327.0,630.8571,644.2857,0.5019112,457,786.0,646.2632,20.930641,5083
2328.0,633.2143,629.3571,15.113539,268,774.5192,655.9039,14.991697,5893
2329.0,639.6,634.8,8.390576,508,774.06525,668.86957,12.973643,6784
2330.0,637.68,626.28,8.733615,505,783.13043,650.2174,20.738386,7060
2331.0,642.0,638.25,12.725669,271,774.72974,653.91895,9.180037,7060
2332.0,644.2759,640.5517,3.2368863,523,793.53064,661.89795,20.42397,7511
2333.0,642.55554,629.44446,11.2396755,475,811.78723,656.55316,19.022877,8025
2334.0,636.6,643.9,15.634326,721,769.63043,661.1087,42.402225,8130
2335.0,645.9375,639.28125,10.41741,329,796.2295,669.9836,28.040567,8352
2336.0,645.525,636.825,2.4906304,308,820.74,684.18,28.324947,8262
2337.0,645.75,657.5,20.676212,407,807.6585,683.2683,13.113212,8361
2338.0,648.2093,648.27905,9.543268,572,805.1177,667.41174,16.058847,8696
2339.0,650.9286,643.2143,5.748597,581,799.8679,678.6226,12.379163,8849
2340.0,650.6727,646.2545,3.0509694,604,806.9032,690.5806,13.874044,9077
2341.0,658.7838,639.2432,10.721375,388,822.12,683.16,16.929768,8846
2342.0,660.19354,635.2258,4.257558,406,833.0,697.1667,17.73591,9074
2343.0,666.61536,626.2308,11.052182,323,821.7619,695.7619,11.325559,9335
2344.0,670.41174,635.91174,10.398737,410,825.3158,701.5263,6.771892,9497
2345.0,672.1429,645.1429,9.39206,481,826.96875,693.09375,8.593036,9767
2346.0,676.425,630.9,14.872641,490,852.6923,709.9385,30.748121,9383
2347.0,678.8571,639.4286,8.868577,490,821.2653,704.0816,31.9681,9588
2348.0,683.0847,641.94916,4.9219785,425,850.7143,697.2857,30.222944,9828
2349.0,687.0732,653.12195,11.863351,246,844.2727,713.4545,17.40474,10096
2350.0,690.6279,647.51166,6.641656,399,873.7,729.9,33.710842,9745
2351.0,693.7895,645.5789,3.7055287,375,870.9661,730.52545,2.8045135,9857
2352.0,697.7234,649.59576,5.6223316,297,866.3,715.3,15.924434,10162
2353.0,698.087,641.0217,8.581741,415,877.65625,719.5,12.108047,10448
2354.0,703.97144,641.4857,5.9027247,293,883.96875,718.0781,6.4706554,10121
2355.0,700.35,650.55,9.760941,410,889.875,736.5375,19.381212,10354
2356.0,706.4286,642.9286,9.748603,235,888.61646,750.3288,13.848627,10366
2357.0,719.3182,624.88635,22.173492,352,903.43634,753.38184,15.131095,10105
2358.0,726.0,628.9286,7.8093815,148,902.1071,751.5,2.3039405,10193
2359.0,730.25,641.25,13.03379,148,915.85266,757.0421,14.820763,10464
2360.0,727.25806,621.0968,20.374079,415,924.85187,774.3333,19.492851,10020
2361.0,732.1957,632.54346,12.466195,470,930.0759,752.6962,22.258802,10005
2362.0,740.4706,632.2059,8.281785,280,936.95605,769.6484,18.295122,9996
2363.0,745.8823,635.0,6.090494,267,957.76666,783.1667,24.815844,9776
2364.0,752.04,639.36,7.544944,292,946.1489,785.80853,11.914326,9612
2365.0,750.551,648.3674,9.129621,266,957.9505,785.3762,11.80949,9420
2366.0,751.1,644.1,4.302558,419,991.7879,804.36365,38.80067,8726
2367.0,754.2857,647.2653,4.490911,418,981.3717,810.6637,12.173242,8423
2368.0,758.1429,643.5,5.3903112,502,990.4435,820.3565,13.275832,8250
2369.0,759.4,642.4667,1.6273183,493,1002.4369,820.7767,12.000766,7859
2370.0,763.4318,649.2273,7.871556,404,992.72095,819.81396,9.763521,7704
2371.0,771.3461,635.0192,16.263624,396,1012.5952,814.381,20.60349,7155
2372.0,777.56757,637.2973,6.6253977,423,1020.3415,849.46344,35.92748,5350
2373.0,781.32,627.6,10.398027,330,1042.3954,846.3721,22.269505,5032
2374.0,793.8261,610.3043,21.343435,183,1042.4685,849.7972,3.4258902,4547
2375.0,796.7778,614.44446,5.0845876,357,1065.2325,867.8837,29.074467,2754
2376.0,799.2692,616.5,3.2299538,360,1076.9131,897.6087,31.937584,739
2377.0,803.3182,627.0,11.253621,210,1096.5198,874.6974,30.155443,619
2378.0,807.45654,641.34784,14.9327345,238,1082.0336,899.07385,28.355991,500
2406.0,920.2105,630.6316,16.069984,351,768.0968,642.19354,10.740165,38
2407.0,923.43243,641.1892,11.0383005,307,781.2632,631.4211,17.011747,13
2408.0,921.9796,641.81635,1.5823985,272,789.87805,626.7805,9.7852335,45
2409.0,933.5455,637.4318,12.369037,343,796.81396,642.76746,17.426678,168
2410.0,936.6,641.2364,4.8790073,355,793.3714,641.5714,3.6444182,194
2411.0,934.39655,642.2069,2.4076989,361,783.8461,639.1539,9.8272705,298
2412.0,942.7857,634.5714,11.343669,216,794.6875,642.625,11.383499,439
2413.0,938.0,633.1539,4.9912324,287,804.08826,639.7059,9.843554,790
2414.0,945.75,630.25,8.276168,188,798.7895,627.0,13.766485,872
2415.0,946.96155,645.3461,15.14467,266,811.275,632.475,13.633192,1066
2416.0,950.55554,635.0,10.952589,183,806.7,634.95,5.2015905,1148
2417.0,963.0,636.1579,12.49821,128,817.2,637.92,10.911953,1202
2418.0,961.8214,635.7857,1.2359607,159,791.0625,643.125,26.650738,1265
2419.0,971.82355,622.94116,16.279589,134,801.88635,639.8182,11.317723,1382
2420.0,970.0,643.2,20.340755,198,800.8929,640.5536,1.2360473,1508
2421.0,976.5789,627.9474,16.610981,273,794.1875,640.125,6.7190666,1550
2422.0,981.19354,631.1613,5.62353,138,817.9375,637.875,23.85634,1793
2423.0,982.46155,638.61536,7.5611215,277,806.7692,642.8461,12.224667,1897
2424.0,982.8333,643.0833,4.4833965,293,809.0769,649.61536,7.151769,1915
2425.0,989.3415,632.3415,12.559583,339,817.36957,647.15216,8.650758,1885
2426.0,984.84375,642.28125,10.910017,276,813.7636,644.56366,4.4388356,2260
2427.0,988.65955,636.19147,7.1864977,426,823.5625,653.75,13.43157,2428
2428.0,993.375,626.625,10.665496,282,820.95,644.4,9.7080965,2605
2429.0,993.0,643.2,16.579254,344,814.2414,645.4138,6.784787,2854
2430.0,995.5909,637.36365,6.3855944,321,818.129,659.2258,14.348706,3136
2431.0,996.7143,631.7143,5.759969,432,803.65717,664.02856,15.247986,3250
2432.0,1016.3333,620.6667,22.515673,314,835.6047,659.8605,32.21826,3472
2433.0,1009.1429,639.0,19.692959,272,830.38983,657.4068,5.7632556,3791
2434.0,1026.5,626.5,21.389706,141,815.67566,657.32434,14.714403,3974
2435.0,1026.4138,635.4828,8.983202,150,821.65717,661.3714,7.2219872,4055
2436.0,1028.921,631.8947,4.377252,137,835.74,653.76,16.008099,4310
2437.0,1035.5,630.4286,6.740363,137,845.13336,659.86664,11.203854,4901
2438.0,1028.0834,638.75,11.146848,158,833.3182,655.0909,12.743879,5198
2439.0,1027.683,638.7805,0.40155196,179,836.9167,655.0833,3.5985186,5561
2440.0,1031.1356,632.8475,6.864526,213,814.1163,661.3953,23.65799,5759
2441.0,1033.2128,640.0851,7.529777,232,858.97675,670.18604,45.713657,6098
2442.0,1033.8823,629.05884,11.0465555,242,852.0612,663.0612,9.929126,6572
2443.0,1038.25,636.0,8.200995,88,837.4773,661.4318,14.674664,7188
2444.0,1044.3158,630.0,8.531933,95,826.2308,671.3077,14.967189,7564
2677.0,943.35486,628.5484,9.199571,4,716.4783,630.913,4.9032235,10
2678.0,936.0,622.2,9.715759,9,720.36,645.36,14.959357,100
2679.0,936.6,632.55,10.367351,4,720.46155,647.4231,2.0656087,121
2680.0,930.0,613.1739,20.469315,7,724.3333,652.1667,6.1230893,292
2681.0,926.75,611.25,3.776751,13,728.89655,655.2414,5.502446,394
2682.0,915.11536,627.3461,19.860775,8,726.8333,659.8333,5.034148,487
2683.0,911.4,621.12,7.2504106,4,744.9545,658.36365,18.180714,700
2684.0,910.7647,625.94116,4.8628464,4,742.7143,662.5714,4.7669616,922
2685.0,906.5526,624.8684,4.3465576,4,741.4091,678.6818,16.163195,1111
2686.0,898.4651,637.4651,14.969449,38,751.1667,671.5833,12.066441,1328
2687.0,896.58,635.4,2.7960649,184,756.5769,679.5,9.588763,1379
2688.0,891.0,641.325,8.138924,166,757.44,672.0,7.549499,1646
2689.0,892.1163,640.67444,1.2920175,190,769.6667,684.0,17.131603,1851
2690.0,888.95123,639.95123,3.2466135,196,765.13043,693.5217,10.547081,1972
2691.0,889.74194,640.9355,1.262528,175,775.88574,691.2,11.003048,2205
2692.0,883.8,622.88574,19.002634,189,778.05884,689.4706,2.7772787,2182
2693.0,878.25,638.625,16.689117,249,786.4,706.8,19.23236,2152
2694.0,873.1111,629.1111,10.813096,201,792.5714,714.0,9.482943,2228
2695.0,870.7241,628.5517,2.4516332,258,794.4194,708.29034,6.0012608,2449
2696.0,861.075,614.4,17.128197,393,803.1923,726.5769,20.282084,2204
2697.0,855.34283,631.2857,17.832108,227,811.2353,723.44116,8.632626,2322
2698.0,861.9091,625.63635,8.66206,129,808.94116,734.3823,11.17909,2101
2699.0,856.8947,631.5789,7.7754965,93,829.6667,736.2222,20.807034,1951
2700.0,852.1622,629.5946,5.1317124,102,699.4138,686.1724,8.007432,1751
2707.0,814.6,635.8,13.252316,64,727.7,708.1,7.013392,2403
2708.0,815.5,614.5,21.318995,240,730.3333,713.1667,5.710152,2862
2709.0,813.5172,632.7931,18.400234,138,738.8182,731.1818,19.913263,2359
2710.0,799.0833,625.75,16.06059,189,745.3043,722.4783,10.85458,2564
2711.0,799.1429,631.7857,6.0359993,243,749.63635,730.1818,8.838055,2370
2720.0,949.8333,802.75,0,190,798.5192,764.1923,12.08944,860
2936.0,519.6,731.2,8.091967,21,651.75,627.61365,5.335558,168
2937.0,528.45764,749.28815,20.140478,28,649.75,623.25,4.800148,198
2938.0,527.45,754.95,5.7508287,61,649.8158,629.4474,6.197737,207
2939.0,523.5714,739.0476,16.368568,158,645.56757,633.4865,5.861909,186
2940.0,528.0,752.4828,14.146253,191,846.6585,635.4878,7.6687865,292
2941.0,526.8,748.2,4.447718,283,850.275,641.1,6.67651,343
2942.0,532.3771,754.9672,8.769211,371,656.86957,631.43475,9.746791,231
2943.0,534.5143,747.4286,7.8357306,360,852.975,627.075,6.56854,289
2944.0,539.53125,760.96875,14.439734,422,857.0455,638.0455,11.701278,216
2945.0,538.7619,758.8095,2.292208,443,860.23254,635.1628,4.2973638,243
2946.0,551.0959,751.274,14.453763,498,853.2,640.26666,8.689425,396
2947.0,549.4426,754.2787,3.4295022,688,866.04254,624.8298,20.080542,510
2948.0,546.84,753.96,2.6220362,868,856.0909,633.6,13.264689,480
2949.0,545.4762,752.9048,1.724401,967,878.0217,637.63043,22.29813,993
2950.0,543.0,756.1731,4.1004148,1056,878.1,632.85,4.781097,891
2951.0,547.3929,750.9107,6.854938,1137,877.5577,633.0,0.56266665,1089
2952.0,544.98303,754.52545,4.3443956,1248,887.7955,627.4773,11.632398,781
2953.0,551.7042,743.91547,12.559706,1237,880.8333,637.7778,12.432677,802
2954.0,537.87274,752.61816,16.341568,1236,886.3421,637.0263,5.5598073,996
2955.0,547.4516,756.7258,10.422448,1290,888.8,633.05,4.6746454,988
2956.0,551.13635,748.5909,8.930554,1319,891.3889,632.6111,2.6258686,1365
2957.0,548.90625,749.53125,2.4202583,1346,897.8936,634.59576,6.8007407,2183
2958.0,556.5,759.9643,12.90401,1382,896.8125,632.7656,2.1256106,2148
2959.0,555.5085,761.0847,1.4961452,1453,906.78,644.52,15.4116,2538
2960.0,566.4878,755.7805,12.193431,1459,905.8,656.3333,11.853876,2930
2961.0,558.45,752.8,8.5726,1525,903.12,647.82,8.925174,3303
2962.0,567.57446,757.21277,10.135493,1633,903.1525,647.6949,0.12928204,3242
2963.0,573.73334,750.13336,9.383482,1732,921.83606,653.7541,19.641497,3319
2964.0,562.86,746.94,11.332578,1815,916.05,650.3,6.7386527,3470
2965.0,571.9737,774.0789,28.628315,1853,911.0455,658.5682,9.664788,3803
2966.0,573.4375,769.9375,4.3925023,1612,924.5714,651.7619,15.141876,3195
2967.0,572.6727,762.4909,7.4857626,1628,929.35297,657.7059,7.6285024,3178
2968.0,579.25,763.85,6.716216,1863,933.61017,657.20337,4.286756,3548
2969.0,580.2692,766.0961,2.4665833,1821,933.7143,653.7619,3.4430423,4065
2970.0,575.8125,768.3125,4.9774194,1293,938.8333,672.8333,19.74647,4994
2971.0,584.0357,766.9821,8.330128,1429,938.7647,666.2353,6.598379,5214
2972.0,587.8421,773.6053,7.6390457,1481,937.6316,668.5263,2.5559163,5811
2973.0,597.125,787.0,16.29695,1380,945.45,662.75,9.720772,6143
2974.0,603.5526,775.8158,12.899636,1256,949.55554,673.1111,11.144839,5835
2975.0,598.1739,778.43475,5.982441,1330,964.0,663.875,17.1449,6115
2976.0,615.125,782.0625,17.334955,1384,963.0,665.6667,2.0518632,6388
2977.0,608.04877,777.5854,8.373625,1275,961.63635,675.5455,9.972458,6043
2978.0,614.0455,785.25,9.731738,789,975.5821,676.97015,14.018323,6214
2979.0,613.7234,784.1489,1.1472147,826,977.9483,676.39655,2.4347446,6482
2980.0,607.63635,781.7727,6.534404,934,985.41174,684.35297,10.909059,6033
2981.0,613.2,800.06665,19.121264,871,993.15515,686.89655,8.15047,6178
2982.0,607.3091,791.34546,10.524364,751,982.8214,685.7679,10.395194,6375
2983.0,609.3871,801.629,10.491421,310,1002.59015,694.2295,21.50353,5936
2984.0,619.8182,797.0,11.41208,335,994.0,684.2,13.205345,6092
2985.0,622.85913,797.1549,3.0448976,329,1000.7895,681.5789,7.277864,6249
2986.0,625.97144,798.04285,3.2364914,293,1021.0161,697.64514,25.830986,5804
2987.0,629.73914,818.73914,21.036444,278,1015.7368,694.3684,6.21353,5953
